text,prompt,option1,option2,answer,score1,score2,pred,correct,difference
"Foreign films must include English subtitles, and each country can submit only one film for consideration in the International Feature Film category per year.","Foreign films must include English subtitles, and each country can",submits,submit,submit,-18.18556022644043,-9.110443115234375,submit,True,9.075117111206055
"Butane is the most common alkane that is put under the process of isomerization, as it makes many branched alkanes with high octane numbers.","Butane is the most common alkane that is put under the process of isomerization, as it",makes,make,makes,-8.034379959106445,-8.084537506103516,makes,True,0.05015754699707031
"Patron of sailors Apollo functions as the patron and protector of sailors, one of the duties he shares with Poseidon.","Patron of sailors Apollo functions as the patron and protector of sailors, one of the duties he",share,shares,shares,-9.572627067565918,-18.702720642089844,share,,-9.130093574523926
"Acknowledging Aristotle as her greatest influence, Rand remarked that in the history of philosophy she could only recommend ""three A's"" Aristotle, Aquinas, and Ayn Rand.","Acknowledging Aristotle as her greatest influence, Rand remarked that in the history of philosophy she could only",recommends,recommend,recommend,-19.272287368774414,-19.20866584777832,recommend,True,0.06362152099609375
"Under their higher valences, radionuclides of elements such as selenium, technetium, uranium, neptunium and plutonium have a higher solubility and are also often present in water as non-retarded anions.","Under their higher valences, radionuclides of elements such as selenium, technetium, uranium, neptunium and plutonium",has,have,have,-9.522076606750488,-9.357436180114746,have,True,0.1646404266357422
"Johnston glanced down at his leg wound, then faced Harris and replied in a weak voice his last words: ""Yes... and I fear seriously.""","Johnston glanced down at his leg wound, then faced Harris and replied in a weak voice his last words: ""Yes... and I",fear,feares,fear,-9.513457298278809,-19.150800704956055,fear,True,9.637343406677246
"John Locke's First Treatise of Government John Locke commented: ""Be it then as Sir Robert says, that Anciently, it was usual for Men to sell and Castrate their Children.","John Locke's First Treatise of Government John Locke commented: ""Be it then as Sir Robert",says,say,says,-9.432677268981934,-9.398102760314941,say,,-0.03457450866699219
"John Locke's First Treatise of Government John Locke commented: ""Be it then as Sir Robert says, that Anciently, it was usual for Men to sell and Castrate their Children.","John Locke's First Treatise of Government John Locke commented: ""Be it then as Sir Robert says, that Anciently, it was usual for Men to",sells,sell,sell,-18.015243530273438,-9.047012329101562,sell,True,8.968231201171875
"Aristotle uses the term 'memory' for the actual retaining of an experience in the impression that can develop from sensation, and for the intellectual anxiety that comes with the impression because it is formed at a particular time and processing specific contents.",Aristotle uses the term 'memory' for the actual retaining of an experience in the impression that can,develop,develops,develop,-18.787704467773438,-28.06918716430664,develop,True,9.281482696533203
"Aristotle uses the term 'memory' for the actual retaining of an experience in the impression that can develop from sensation, and for the intellectual anxiety that comes with the impression because it is formed at a particular time and processing specific contents.","Aristotle uses the term 'memory' for the actual retaining of an experience in the impression that can develop from sensation, and for the intellectual anxiety that",come,comes,comes,-9.235549926757812,-9.165080070495605,comes,True,0.07046985626220703
"If the head of government is not satisfied with the council, he may request that the co-princes dissolve the council and order new elections.","If the head of government is not satisfied with the council, he may",request,requests,request,-8.940110206604004,-18.035600662231445,request,True,9.095490455627441
"If the head of government is not satisfied with the council, he may request that the co-princes dissolve the council and order new elections.","If the head of government is not satisfied with the council, he may request that the co-princes",dissolve,dissolves,dissolve,-27.077067375183105,-26.81110382080078,dissolves,,-0.2659635543823242
"Theoretical production ecology, relating to crop production modeling Traditional agricultural systems, sometimes termed subsistence agriculture, which feed most of the poorest people in the world.","Theoretical production ecology, relating to crop production modeling Traditional agricultural systems, sometimes termed subsistence agriculture, which",feed,feeds,feed,-10.01684284210205,-19.900249481201172,feed,True,9.883406639099121
"If a party is dissatisfied with the finding of such a tribunal, one generally has the power to request a trial ""de novo"" by a court of record.","If a party is dissatisfied with the finding of such a tribunal, one generally",has,have,has,-9.4054594039917,-9.004383087158203,have,,-0.4010763168334961
Feeding The aardvark is nocturnal and is a solitary creature that feeds almost exclusively on ants and termites (myrmecophagy); the only fruit eaten by aardvarks is the aardvark cucumber.,Feeding The aardvark is nocturnal and is a solitary creature that,feeds,feed,feeds,-17.92552375793457,-8.985621452331543,feed,,-8.939902305603027
"He took an approach different from those before him, using this analogy not in the manner of soul-purification but in the manner that humans must have certain balances of minerals in their bodies, and that certain illnesses of the body had chemical remedies that could cure them.","He took an approach different from those before him, using this analogy not in the manner of soul-purification but in the manner that humans must",have,has,have,-8.736592292785645,-8.810303688049316,have,True,0.07371139526367188
"He took an approach different from those before him, using this analogy not in the manner of soul-purification but in the manner that humans must have certain balances of minerals in their bodies, and that certain illnesses of the body had chemical remedies that could cure them.","He took an approach different from those before him, using this analogy not in the manner of soul-purification but in the manner that humans must have certain balances of minerals in their bodies, and that certain illnesses of the body had chemical remedies that could",cure,cures,cure,-17.477293014526367,-17.47938346862793,cure,True,0.0020904541015625
"One of the very few properties of the alkali metals that does not display a very smooth trend is their reduction potentials: lithium's value is anomalous, being more negative than the others.",One of the very few properties of the alkali metals that does not,displays,display,display,-17.9049072265625,-8.614938735961914,display,True,9.289968490600586
"The convenient location of Azerbaijan on the crossroad of major international traffic arteries, such as the Silk Road and the south north corridor, highlights the strategic importance of the transportation sector for the country's economy.","The convenient location of Azerbaijan on the crossroad of major international traffic arteries, such as the Silk Road and the south north corridor,",highlights,highlight,highlights,-19.403213500976562,-19.024349212646484,highlight,,-0.3788642883300781
"Although the world manifests itself to our experience as a multiplicity of objects (the ""objectivation"" of the will), each element of this multiplicity has the same blind essence striving towards existence and life.","Although the world manifests itself to our experience as a multiplicity of objects (the ""objectivation"" of the will), each element of this multiplicity",has,have,has,-9.600629806518555,-9.542031288146973,have,,-0.05859851837158203
According to mother tongue percentage statistics by the Andorran Government released in 2018 the principality has the following: Religion,According to mother tongue percentage statistics by the Andorran Government released in 2018 the principality,have,has,has,-9.73543930053711,-9.92361831665039,have,,-0.18817901611328125
"It also examines how the understanding of cognition, emotion, motivation, and similar psychological processes inform or constrain our models of cultural and social processes.","It also examines how the understanding of cognition, emotion, motivation, and similar psychological processes",informs,inform,inform,-19.198978424072266,-19.005393981933594,inform,True,0.19358444213867188
"So, he left Springfield for his father's home to study until he ""could give any proposition in the six books of Euclid [here, referencing Euclid's Elements] at sight.""","So, he left Springfield for his father's home to study until he ""could",gives,give,give,-18.751136779785156,-9.561772346496582,give,True,9.189364433288574
"This activity decreases somewhat further north in the state, but even the far north of the state reports thunder on about 60 days per year.","This activity decreases somewhat further north in the state, but even the far north of the state",reports,report,reports,-9.0342378616333,-8.870499610900879,report,,-0.16373825073242188
"Major national or international societies generally publish their own journal or newsletter, and some hold large multi-day meetings akin to a scientific conference or convention.","Major national or international societies generally publish their own journal or newsletter, and some",hold,holds,hold,-8.984057426452637,-17.841642379760742,hold,True,8.857584953308105
"The mystic chords of memory, stretching from every battlefield, and patriot grave, to every living heart and hearthstone, all over this broad land, will yet swell the chorus of the Union, when again touched, as surely they will be, by the better angels of our nature.""","The mystic chords of memory, stretching from every battlefield, and patriot grave, to every living heart and hearthstone, all over this broad land, will yet",swell,swells,swell,-18.686899185180664,-28.01429271697998,swell,True,9.327393531799316
"It would be two years before the Maryland General Assembly became satisfied that the various states would follow through, and voted to ratify.",It would be two years before the Maryland General Assembly became satisfied that the various states would,follows,follow,follow,-16.628639221191406,-8.309717178344727,follow,True,8.31892204284668
It may also be a signal of interactive and cooperative intentions since those not interacting further in the future gain nothing from the costly signaling.,It may also be a signal of interactive and cooperative intentions since those not interacting further in the future,gains,gain,gain,-17.67568588256836,-8.999617576599121,gain,True,8.676068305969238
The result of an appeal can be: Affirmed: Where the reviewing court basically agrees with the result of the lower courts' ruling(s).,The result of an appeal can be: Affirmed: Where the reviewing court basically,agree,agrees,agrees,-10.272153854370117,-20.1091365814209,agree,,-9.836982727050781
"Factors that account for the country's vulnerability to climate change risks include geological and hydrological hazards, including earthquakes, flooding, fires, landslides, torrential rains, river and coastal erosion.",Factors that account for the country's vulnerability to climate change risks,includes,include,include,-9.93140697479248,-10.180143356323242,includes,,-0.24873638153076172
Neural connections and the immune system are a pathway that may allow diseases originated in the intestine to spread to the brain.,Neural connections and the immune system are a pathway that may,allow,allows,allow,-9.107850074768066,-8.913482666015625,allows,,-0.1943674087524414
Neural connections and the immune system are a pathway that may allow diseases originated in the intestine to spread to the brain.,Neural connections and the immune system are a pathway that may allow diseases originated in the intestine to,spread,spreads,spread,-9.246512413024902,-18.26668930053711,spread,True,9.020176887512207
"After revealing a letter she wrote to the Los Angeles Times disclaiming the label of Huxley as a ""poor fellow who can hardly see"" by Walter C. Alvarez, she tempered her statement: ""Although I feel it was an injustice to treat Aldous as though he were blind, it is true there were many indications of his impaired vision.","After revealing a letter she wrote to the Los Angeles Times disclaiming the label of Huxley as a ""poor fellow who can hardly",sees,see,see,-17.639068603515625,-9.033915519714355,see,True,8.60515308380127
"After revealing a letter she wrote to the Los Angeles Times disclaiming the label of Huxley as a ""poor fellow who can hardly see"" by Walter C. Alvarez, she tempered her statement: ""Although I feel it was an injustice to treat Aldous as though he were blind, it is true there were many indications of his impaired vision.","After revealing a letter she wrote to the Los Angeles Times disclaiming the label of Huxley as a ""poor fellow who can hardly see"" by Walter C. Alvarez, she tempered her statement: ""Although I",feel,feels,feel,-18.642459869384766,-18.74063491821289,feel,True,0.098175048828125
"Reaction with oxygen (if present in sufficient quantity to satisfy the reaction stoichiometry) leads to combustion without any smoke, producing carbon dioxide and water.",Reaction with oxygen (if present in sufficient quantity to satisfy the reaction stoichiometry),leads,lead,leads,-18.505830764770508,-9.571087837219238,lead,,-8.93474292755127
"The pigs' rise to preeminence mirrors the rise of a Stalinist bureaucracy in the USSR, just as Napoleon's emergence as the farm's sole leader reflects Stalin's emergence.","The pigs' rise to preeminence mirrors the rise of a Stalinist bureaucracy in the USSR, just as Napoleon's emergence as the farm's sole leader",reflect,reflects,reflects,-10.160958290100098,-20.260896682739258,reflect,,-10.09993839263916
"Yet the will as thing in-itself is free, as it exists beyond the realm of representation and thus is not constrained by any of the forms of necessity that are part of the principle of sufficient reason.","Yet the will as thing in-itself is free, as it",exist,exists,exists,-8.561626434326172,-17.11475372314453,exist,,-8.55312728881836
Limited data makes the state of redfishes and deep-water species difficult to assess but most likely they remain vulnerable to overfishing.,Limited data makes the state of redfishes and deep-water species difficult to assess but most likely they,remain,remains,remain,-17.76072120666504,-17.833555221557617,remain,True,0.07283401489257812
Evidence for this hypothesis includes testimonies by former KGB agents who claim that Viktor Chebrikov gave the order to eradicate Tarkovsky to curtail what the Soviet government and the KGB saw as anti-Soviet propaganda by Tarkovsky.,Evidence for this hypothesis includes testimonies by former KGB agents who,claims,claim,claim,-31.52094841003418,-21.533222198486328,claim,True,9.987726211547852
"Einstein was aware that getting the frequency of the actual oscillations would be difficult, but he nevertheless proposed this theory because it was a particularly clear demonstration that quantum mechanics could solve the specific heat problem in classical mechanics.","Einstein was aware that getting the frequency of the actual oscillations would be difficult, but he nevertheless proposed this theory because it was a particularly clear demonstration that quantum mechanics could",solve,solves,solve,-17.92367172241211,-17.851219177246094,solves,,-0.07245254516601562
"Resembling a human from the shoulders up, Maria Bot is a virtual being android that has complex facial expressions and head movement and engages in conversation about a variety of subjects.","Resembling a human from the shoulders up, Maria Bot is a virtual being android that",have,has,has,-8.910867691040039,-9.18202018737793,have,,-0.2711524963378906
"Apollo represents a 'role' culture where order, reason, and bureaucracy prevail.","Apollo represents a 'role' culture where order, reason, and bureaucracy",prevail,prevails,prevail,-20.754547119140625,-21.31778335571289,prevail,True,0.5632362365722656
"With growing Regional Tourism with domination of Chinese visitors, MasterCard has released Global Destination Cities Index 2013 with 10 of 20 are dominated by Asia and Pacific Region Cities and also for the first time a city of a country from Asia (Bangkok) set in the top-ranked with 15.98 international visitors.","With growing Regional Tourism with domination of Chinese visitors, MasterCard has released Global Destination Cities Index 2013 with 10 of 20 are dominated by Asia and Pacific Region Cities and also for the first time a city of a country from Asia (Bangkok)",sets,set,set,-9.432063102722168,-9.395639419555664,set,True,0.036423683166503906
"It may have been preceded by an optional ""pre-answer"" motion to dismiss or demurrer; if such a motion is unsuccessful, the defendant must file an answer to the complaint or risk an adverse default judgment.","It may have been preceded by an optional ""pre-answer"" motion to dismiss or demurrer; if such a motion is unsuccessful, the defendant must",files,file,file,-9.262042045593262,-9.166914939880371,file,True,0.09512710571289062
"Beyond the specific factions of anarchist movements which constitute political anarchism lies philosophical anarchism which holds that the state lacks moral legitimacy, without necessarily accepting the imperative of revolution to eliminate it.",Beyond the specific factions of anarchist movements which constitute political anarchism lies philosophical anarchism which,hold,holds,holds,-10.705485343933105,-21.085617065429688,hold,,-10.380131721496582
"Beyond the specific factions of anarchist movements which constitute political anarchism lies philosophical anarchism which holds that the state lacks moral legitimacy, without necessarily accepting the imperative of revolution to eliminate it.",Beyond the specific factions of anarchist movements which constitute political anarchism lies philosophical anarchism which holds that the state,lacks,lack,lacks,-19.63846778869629,-19.629196166992188,lack,,-0.009271621704101562
"The cell membrane potential created by potassium and sodium ions allows the cell to generate an action potential a ""spike"" of electrical discharge.",The cell membrane potential created by potassium and sodium ions,allow,allows,allows,-10.212100982666016,-10.059869766235352,allows,True,0.15223121643066406
"The cell membrane potential created by potassium and sodium ions allows the cell to generate an action potential a ""spike"" of electrical discharge.",The cell membrane potential created by potassium and sodium ions allows the cell to,generate,generates,generate,-19.07855224609375,-19.276165008544922,generate,True,0.19761276245117188
"The enormous differences between the regions pose a serious structural problem for the Angolan economy, illustrated by the fact that about one third of economic activities are concentrated in Luanda and neighbouring Bengo province, while several areas of the interior suffer economic stagnation and even regression.","The enormous differences between the regions pose a serious structural problem for the Angolan economy, illustrated by the fact that about one third of economic activities are concentrated in Luanda and neighbouring Bengo province, while several areas of the interior",suffers,suffer,suffer,-27.76676845550537,-18.670164108276367,suffer,True,9.096604347229004
"Spectrum Autism has long been thought to cover a wide spectrum, ranging from individuals with severe impairments who may be silent, developmentally disabled, and prone to frequent repetitive behavior such as hand flapping and rocking to high functioning individuals who may have active but distinctly odd social approaches, narrowly focused interests, and verbose, pedantic communication.","Spectrum Autism has long been thought to cover a wide spectrum, ranging from individuals with severe impairments who may be silent, developmentally disabled, and prone to frequent repetitive behavior such as hand flapping and rocking to high functioning individuals who may",has,have,have,-9.80221939086914,-9.727605819702148,have,True,0.07461357116699219
"To the east, the boundaries of the ocean proper are Europe: the Strait of Gibraltar (where it connects with the Mediterranean Sea one of its marginal seas and, in turn, the Black Sea, both of which also touch upon Asia) and Africa.","To the east, the boundaries of the ocean proper are Europe: the Strait of Gibraltar (where it",connects,connect,connects,-19.24177360534668,-9.732314109802246,connect,,-9.509459495544434
"To the east, the boundaries of the ocean proper are Europe: the Strait of Gibraltar (where it connects with the Mediterranean Sea one of its marginal seas and, in turn, the Black Sea, both of which also touch upon Asia) and Africa.","To the east, the boundaries of the ocean proper are Europe: the Strait of Gibraltar (where it connects with the Mediterranean Sea one of its marginal seas and, in turn, the Black Sea, both of which also",touch,touches,touch,-27.187445640563965,-36.080345153808594,touch,True,8.892899513244629
Their forked tongues are used as organs of taste and smell and some species have sensory pits on their heads enabling them to locate warm-blooded prey.,Their forked tongues are used as organs of taste and smell and some species,have,has,have,-9.960638046264648,-10.280274391174316,have,True,0.31963634490966797
"While humans and other organisms generally place less value on future costs/benefits as compared to those in the present, some have shorter time horizons than others and these people tend to be less cooperative.","While humans and other organisms generally place less value on future costs/benefits as compared to those in the present, some",has,have,have,-8.921405792236328,-8.77901554107666,have,True,0.14239025115966797
"While humans and other organisms generally place less value on future costs/benefits as compared to those in the present, some have shorter time horizons than others and these people tend to be less cooperative.","While humans and other organisms generally place less value on future costs/benefits as compared to those in the present, some have shorter time horizons than others and these people",tend,tends,tend,-17.6606502532959,-17.820215225219727,tend,True,0.15956497192382812
"Some common characteristics are listed: Algae that form aggregations that have been described as turfs include diatoms, cyanobacteria, chlorophytes, phaeophytes and rhodophytes.",Some common characteristics are listed: Algae that form aggregations that have been described as turfs,include,includes,include,-8.616734504699707,-8.524507522583008,includes,,-0.09222698211669922
"Rifting in the central segment, however, coincided with the Cretaceous Normal Superchron (also known as the Cretaceous quiet period), a 40 Ma period without magnetic reversals, which makes it difficult to date sea-floor spreading in this segment.","Rifting in the central segment, however, coincided with the Cretaceous Normal Superchron (also known as the Cretaceous quiet period), a 40 Ma period without magnetic reversals, which",makes,make,makes,-9.354251861572266,-9.477018356323242,makes,True,0.12276649475097656
"The metal reacts with the water first, breaking the hydrogen bonds in the water and producing hydrogen gas; this takes place faster for the more reactive heavier alkali metals.","The metal reacts with the water first, breaking the hydrogen bonds in the water and producing hydrogen gas; this",take,takes,takes,-17.770029067993164,-17.903766632080078,take,,-0.13373756408691406
A language may spell some words with unpronounced letters that exist for historical or other reasons.,A language may spell some words with unpronounced letters that,exists,exist,exist,-18.739824295043945,-9.329095840454102,exist,True,9.410728454589844
"Media Media anthropology (also known as the anthropology of media or mass media) emphasizes ethnographic studies as a means of understanding producers, audiences, and other cultural and social aspects of mass media.",Media Media anthropology (also known as the anthropology of media or mass media),emphasize,emphasizes,emphasizes,-26.6281099319458,-27.042503356933594,emphasize,,-0.41439342498779297
"These are not the only phosphides and arsenides of the alkali metals: for example, potassium has nine different known phosphides, with formulae K3P, K4P3, K5P4, KP, K4P6, K3P7, K3P11, KP10.3, and KP15.","These are not the only phosphides and arsenides of the alkali metals: for example, potassium",have,has,has,-9.114480018615723,-9.293492317199707,have,,-0.17901229858398438
"""As he [Zeus] cut them one after another, he bade Apollo give the face and the half of the neck a turn...","""As he [Zeus] cut them one after another, he bade Apollo",give,gives,give,-23.423386573791504,-23.810226917266846,give,True,0.3868403434753418
"ANSI also designates specific standards as American National Standards, or ANS, when the Institute determines that the standards were developed in an environment that is equitable, accessible and responsive to the requirements of various stakeholders.","ANSI also designates specific standards as American National Standards, or ANS, when the Institute",determine,determines,determines,-25.991792678833008,-25.36373519897461,determines,True,0.6280574798583984
"Nevertheless, it is estimated that in up to 20% of amphibian species, one or both adults play some role in the care of the young.","Nevertheless, it is estimated that in up to 20% of amphibian species, one or both adults",plays,play,play,-8.90926742553711,-8.567288398742676,play,True,0.3419790267944336
"The Roman form is used in most printed material; it consists of a small loop with an arc over it (""a"").",The Roman form is used in most printed material; it,consists,consist,consists,-17.225719451904297,-16.82272720336914,consist,,-0.40299224853515625
"Comparisons can also look at tests of trend, such as linear and quadratic relationships, when the independent variable involves ordered levels.","Comparisons can also look at tests of trend, such as linear and quadratic relationships, when the independent variable",involve,involves,involves,-19.437944412231445,-19.248138427734375,involves,True,0.1898059844970703
This type of assistive technology helps people with hearing loss participate more fully in their hearing communities by allowing them to hear more clearly.,This type of assistive technology helps people with hearing loss,participates,participate,participate,-18.369779586791992,-18.290735244750977,participate,True,0.07904434204101562
This type of assistive technology helps people with hearing loss participate more fully in their hearing communities by allowing them to hear more clearly.,This type of assistive technology helps people with hearing loss participate more fully in their hearing communities by allowing them to,hear,hears,hear,-17.918336868286133,-18.061336517333984,hear,True,0.14299964904785156
"As with We the Living, Rand's later success allowed her to get a revised version published in 1946, which has sold over 3.5 million copies.","As with We the Living, Rand's later success allowed her to",gets,get,get,-9.107632637023926,-0.0,get,True,9.107632637023926
"Hobbes rejected one of the most famous theses of Aristotle's politics, namely that human beings are naturally suited to life in a polis and do not fully realize their natures until they exercise the role of citizen.","Hobbes rejected one of the most famous theses of Aristotle's politics, namely that human beings are naturally suited to life in a polis and do not fully realize their natures until they",exercise,exercises,exercise,-18.794248580932617,-27.982337951660156,exercise,True,9.188089370727539
"Unlike ganoid scales, which are found in non-teleost actinopterygians, new scales are added in concentric layers as the fish grows.","Unlike ganoid scales, which are found in non-teleost actinopterygians, new scales are added in concentric layers as the fish",grows,grow,grows,-18.04949378967285,-9.051219940185547,grow,,-8.998273849487305
"A U.S. State Department report on the matter mentions detention of members of certain Muslim and Christian groups, and many groups have difficulty registering with the SCWRA.","A U.S. State Department report on the matter mentions detention of members of certain Muslim and Christian groups, and many groups",has,have,have,-8.760308265686035,-8.587152481079102,have,True,0.1731557846069336
"Since impressions are all that are left and not the exact stimuli, dreams do not resemble the actual waking experience.","Since impressions are all that are left and not the exact stimuli, dreams do not",resembles,resemble,resemble,-25.76473617553711,-17.409881591796875,resemble,True,8.354854583740234
"Art is the practical consequence of this brief aesthetic contemplation, since it attempts to depict the essence/pure Ideas of the world.","Art is the practical consequence of this brief aesthetic contemplation, since it",attempt,attempts,attempts,-19.11246681213379,-28.458260536193848,attempt,,-9.345793724060059
"a generally-accepted but unofficial term for a paying non-crew passenger who flies a private non-NASA or military vehicles above is a space tourist (as of 2020, nobody has yet qualified for this status)",a generally-accepted but unofficial term for a paying non-crew passenger who,fly,flies,flies,-9.528521537780762,-9.50961971282959,flies,True,0.018901824951171875
"In the few fragmentary poems of the Epic Cycle which describe the hero's death (i.e. the Cypria, the Little Iliad by Lesches of Pyrrha, the Aithiopis and Iliou persis by Arctinus of Miletus), there is no trace of any reference to his general invulnerability or his famous weakness at the heel.",In the few fragmentary poems of the Epic Cycle which,describes,describe,describe,-19.099388122558594,-18.877038955688477,describe,True,0.2223491668701172
"Weapons Weapons training in aikido traditionally includes the short staff () (these techniques closely resemble the use of the bayonet, or Jkend), the wooden sword (), and the knife ().",Weapons Weapons training in aikido traditionally includes the short staff () (these techniques closely,resemble,resembles,resemble,-19.135087966918945,-28.246793746948242,resemble,True,9.111705780029297
"Brig. Gen. Lloyd Tilghman surrendered the 94 remaining officers and men of his approximately 3,000-man force which had not been sent to Fort Donelson before U.S. Grant's force could even take up their positions.","Brig. Gen. Lloyd Tilghman surrendered the 94 remaining officers and men of his approximately 3,000-man force which had not been sent to Fort Donelson before U.S. Grant's force could even",takes,take,take,-8.980340957641602,-8.954683303833008,take,True,0.02565765380859375
"The appellate court reviews issues of law de novo (anew, no deference) and may reverse or modify the lower court's decision if the appellate court believes the lower court misapplied the facts or the law.","The appellate court reviews issues of law de novo (anew, no deference) and may reverse or modify the lower court's decision if the appellate court",believes,believe,believes,-18.522689819335938,-18.397592544555664,believe,,-0.12509727478027344
"However, almost half the population has to be considered poor, with dramatic differences between the countryside and the cities, where slightly more than 50% of the people reside.","However, almost half the population has to be considered poor, with dramatic differences between the countryside and the cities, where slightly more than 50% of the people",resides,reside,reside,-16.632070541381836,-16.516677856445312,reside,True,0.11539268493652344
"Anarchists such as Leo Tolstoy and Herbert Read stated that the border between the artist and the non-artist, what separates art from a daily act, is a construct produced by the alienation caused by capitalism and it prevents humans from living a joyful life.","Anarchists such as Leo Tolstoy and Herbert Read stated that the border between the artist and the non-artist, what",separate,separates,separates,-18.081432342529297,-18.114965438842773,separate,,-0.03353309631347656
"Anarchists such as Leo Tolstoy and Herbert Read stated that the border between the artist and the non-artist, what separates art from a daily act, is a construct produced by the alienation caused by capitalism and it prevents humans from living a joyful life.","Anarchists such as Leo Tolstoy and Herbert Read stated that the border between the artist and the non-artist, what separates art from a daily act, is a construct produced by the alienation caused by capitalism and it",prevents,prevent,prevents,-18.504220962524414,-18.136106491088867,prevent,,-0.3681144714355469
"As of 2021 in the United States, astronaut status is conferred on a person depending on the authorizing agency: one who flies in a vehicle above for NASA or the military is considered an astronaut (with no qualifier)","As of 2021 in the United States, astronaut status is conferred on a person depending on the authorizing agency: one who",fly,flies,flies,-9.155396461486816,-9.127755165100098,flies,True,0.02764129638671875
"One film was disqualified after winning the award, and had the winner return the Oscar:","One film was disqualified after winning the award, and had the winner",returns,return,return,-18.110292434692383,-9.070616722106934,return,True,9.03967571258545
"Increased nuclei concentrations lead to increased cloud droplet number concentrations, which in turn leads to increased cloud albedo, increased light scattering and radiative cooling (first indirect effect), but also leads to reduced precipitation efficiency and increased lifetime of the cloud (second indirect effect).","Increased nuclei concentrations lead to increased cloud droplet number concentrations, which in turn",leads,lead,leads,-18.708364486694336,-9.665427207946777,lead,,-9.042937278747559
"Beyond improving their existing association, the records of the Second Continental Congress show that the need for a declaration of independence was intimately linked with the demands of international relations.","Beyond improving their existing association, the records of the Second Continental Congress",shows,show,show,-10.14976692199707,-10.343313217163086,shows,,-0.19354629516601562
"Straw is useful in binding the brick together and allowing the brick to dry evenly, thereby preventing cracking due to uneven shrinkage rates through the brick.",Straw is useful in binding the brick together and allowing the brick to,dry,dries,dry,-9.49368667602539,-18.619827270507812,dry,True,9.126140594482422
"Einstein and Szilrd, along with other refugees such as Edward Teller and Eugene Wigner, ""regarded it as their responsibility to alert Americans to the possibility that German scientists might win the race to build an atomic bomb, and to warn that Hitler would be more than willing to resort to such a weapon.""","Einstein and Szilrd, along with other refugees such as Edward Teller and Eugene Wigner, ""regarded it as their responsibility to alert Americans to the possibility that German scientists might",wins,win,win,-17.584123611450195,-8.949151992797852,win,True,8.634971618652344
"Some jurisdictions have specialized appellate courts, such as the Texas Court of Criminal Appeals, which only hears appeals raised in criminal cases, and the U.S. Court of Appeals for the Federal Circuit, which has general jurisdiction but derives most of its caseload from patent cases, on one hand, and appeals from the Court of Federal Claims on the other.","Some jurisdictions have specialized appellate courts, such as the Texas Court of Criminal Appeals, which only",hear,hears,hears,-17.54530906677246,-17.6029052734375,hear,,-0.05759620666503906
"Some jurisdictions have specialized appellate courts, such as the Texas Court of Criminal Appeals, which only hears appeals raised in criminal cases, and the U.S. Court of Appeals for the Federal Circuit, which has general jurisdiction but derives most of its caseload from patent cases, on one hand, and appeals from the Court of Federal Claims on the other.","Some jurisdictions have specialized appellate courts, such as the Texas Court of Criminal Appeals, which only hears appeals raised in criminal cases, and the U.S. Court of Appeals for the Federal Circuit, which",have,has,has,-9.359895706176758,-9.418210983276367,have,,-0.058315277099609375
"In modern terminology, an acid is implicitly a Brnsted acid and not a Lewis acid, since chemists almost always refer to a Lewis acid explicitly as a Lewis acid.","In modern terminology, an acid is implicitly a Brnsted acid and not a Lewis acid, since chemists almost always",refer,refers,refer,-17.28264617919922,-17.50160026550293,refer,True,0.21895408630371094
"It is distinguished from judicial review, which refers to the court's overriding constitutional or statutory right to determine if a legislative act or administrative decision is defective for jurisdictional or other reasons (which may vary by jurisdiction).","It is distinguished from judicial review, which refers to the court's overriding constitutional or statutory right to determine if a legislative act or administrative decision is defective for jurisdictional or other reasons (which may",varies,vary,vary,-18.105892181396484,-17.96949577331543,vary,True,0.1363964080810547
The Himalayas that stretch from north-west of India to far north-east offers a number of high rise peaks that are considered ideal for mountaineering.,The Himalayas that stretch from north-west of India to far north-east,offer,offers,offers,-9.816038131713867,-18.72722816467285,offer,,-8.911190032958984
"This propensity to premature ignition is measured by the octane rating of the fuel, where 2,2,4-trimethylpentane (isooctane) has an arbitrary value of 100, and heptane has a value of zero.","This propensity to premature ignition is measured by the octane rating of the fuel, where 2,2,4-trimethylpentane (isooctane)",have,has,has,-9.558723449707031,-9.671290397644043,have,,-0.11256694793701172
"This propensity to premature ignition is measured by the octane rating of the fuel, where 2,2,4-trimethylpentane (isooctane) has an arbitrary value of 100, and heptane has a value of zero.","This propensity to premature ignition is measured by the octane rating of the fuel, where 2,2,4-trimethylpentane (isooctane) has an arbitrary value of 100, and heptane",has,have,has,-9.361855506896973,-9.278818130493164,have,,-0.0830373764038086
", the snakes have developed immunity through genetic changes and they feed on the amphibians with impunity.",", the snakes have developed immunity through genetic changes and they",feeds,feed,feed,-18.225107192993164,-9.125031471252441,feed,True,9.100075721740723
"When in precipitation, a global model characterized by convective and abundant rains can be defined during spring and summer, which can last until autumn (May, June and August are usually the rainiest months).","When in precipitation, a global model characterized by convective and abundant rains can be defined during spring and summer, which can",lasts,last,last,-18.013547897338867,-9.266684532165527,last,True,8.74686336517334
"The council of foreign affairs states that the World Bank mentioned that Sonangol is a taxpayer, it carries out quasi-fiscal activities, it invests public funds, and, as concessionaire, it is a sector regulator.","The council of foreign affairs states that the World Bank mentioned that Sonangol is a taxpayer, it",carry,carries,carries,-8.538582801818848,-17.093463897705078,carry,,-8.55488109588623
"The council of foreign affairs states that the World Bank mentioned that Sonangol is a taxpayer, it carries out quasi-fiscal activities, it invests public funds, and, as concessionaire, it is a sector regulator.","The council of foreign affairs states that the World Bank mentioned that Sonangol is a taxpayer, it carries out quasi-fiscal activities, it",invests,invest,invests,-17.96509552001953,-8.923840522766113,invest,,-9.041254997253418
"For example, sulfuric acid (H2SO4) can donate one proton to form the bisulfate anion (HSO), for which Ka1 is very large; then it can donate a second proton to form the sulfate anion (SO), wherein the Ka2 is intermediate strength.","For example, sulfuric acid (H2SO4) can donate one proton to form the bisulfate anion (HSO), for which Ka1 is very large; then it can",donates,donate,donate,-16.867473602294922,-16.783977508544922,donate,True,0.08349609375
"This concept was known as Takemusu Aiki, and many of his later students teach about from this perspective.","This concept was known as Takemusu Aiki, and many of his later students",teach,teaches,teach,-17.394073486328125,-17.9841251373291,teach,True,0.5900516510009766
"In both Red Deer and Edmonton, polyethylene and vinyl manufacturers produce products that are shipped all over the world.","In both Red Deer and Edmonton, polyethylene and vinyl manufacturers",produces,produce,produce,-21.841325759887695,-21.789081573486328,produce,True,0.05224418640136719
"Henri Carteron held the ""extreme view"" that Aristotle's concept of force was basically qualitative, but other authors reject this.","Henri Carteron held the ""extreme view"" that Aristotle's concept of force was basically qualitative, but other authors",rejects,reject,reject,-28.83633041381836,-19.2916316986084,reject,True,9.544698715209961
The cruise back to Earth was mostly a time for the crew to relax and monitor the spacecraft.,The cruise back to Earth was mostly a time for the crew to,relaxes,relax,relax,-25.10921287536621,-17.15219497680664,relax,True,7.95701789855957
"During this period, Huxley earned a substantial income as a Hollywood screenwriter; Christopher Isherwood, in his autobiography My Guru and His Disciple, states that Huxley earned more than $3,000 per week (approximately $50,000 in 2020 dollars) as a screenwriter, and that he used much of it to transport Jewish and left-wing writer and artist refugees from Hitler's Germany to the US.","During this period, Huxley earned a substantial income as a Hollywood screenwriter; Christopher Isherwood, in his autobiography My Guru and His Disciple,",state,states,states,-9.409420013427734,-9.389323234558105,states,True,0.020096778869628906
"With regard to the change (kinesis) and its causes now, as he defines in his Physics and On Generation and Corruption 319b 320a, he distinguishes the coming to be from: growth and diminution, which is change in quantity; locomotion, which is change in space; and alteration, which is change in quality.","With regard to the change (kinesis) and its causes now, as he",defines,define,defines,-16.737476348876953,-8.50851821899414,define,,-8.228958129882812
"With regard to the change (kinesis) and its causes now, as he defines in his Physics and On Generation and Corruption 319b 320a, he distinguishes the coming to be from: growth and diminution, which is change in quantity; locomotion, which is change in space; and alteration, which is change in quality.","With regard to the change (kinesis) and its causes now, as he defines in his Physics and On Generation and Corruption 319b 320a, he",distinguish,distinguishes,distinguishes,-27.10671329498291,-27.38558864593506,distinguish,,-0.27887535095214844
They tend to help less if they see non-cooperativeness by others and this effect tend to be stronger than the opposite effect of seeing cooperative behaviors.,They tend to help less if they see non-cooperativeness by others and this effect,tends,tend,tend,-17.557418823242188,-17.253557205200195,tend,True,0.3038616180419922
"Tropical and sub-tropical rainforest areas have low albedo, and are much hotter than their temperate forest counterparts, which have lower insolation.","Tropical and sub-tropical rainforest areas have low albedo, and are much hotter than their temperate forest counterparts, which",have,has,have,-9.588334083557129,-9.71010684967041,have,True,0.12177276611328125
"There never will be money in the treasury till the Confederacy shows its teeth.""",There never will be money in the treasury till the Confederacy,show,shows,shows,-26.76207160949707,-34.41231918334961,show,,-7.650247573852539
In September 2014 it was reported that the Angolan Navy would acquire seven Maca-class patrol vessels from Brazil as part of a Technical Memorandum of Understanding (MoU) covering the production of the vessels as part of Angola's Naval Power Development Programme (Pronaval).,In September 2014 it was reported that the Angolan Navy would,acquires,acquire,acquire,-17.736209869384766,-15.896520614624023,acquire,True,1.8396892547607422
"It projects it with the tip foremost whereas other frogs flick out the rear part first, their tongues being hinged at the front.",It projects it with the tip foremost whereas other frogs,flick,flicks,flick,-18.629653930664062,-20.340784072875977,flick,True,1.711130142211914
"Authority ultimately rests solely on power, regardless of whether that power is open or transparent, as it still has the ability to coerce people.","Authority ultimately rests solely on power, regardless of whether that power is open or transparent, as it still",have,has,has,-8.805989265441895,-9.001158714294434,have,,-0.19516944885253906
"The Visigoths remained in the valleys for 200 years, during which time Christianity spread.","The Visigoths remained in the valleys for 200 years, during which time Christianity",spreads,spread,spread,-17.555849075317383,-8.80494213104248,spread,True,8.750906944274902
Research also suggests that the number of bystanders witnessing distress or suffering affects the likelihood of helping (the Bystander effect).,Research also suggests that the number of bystanders witnessing distress or suffering,affect,affects,affects,-19.379358291625977,-28.818592071533203,affect,,-9.439233779907227
Philosophy Philosophers (and other users of logic) spend a lot of time and effort searching for and removing (or intentionally adding) ambiguity in arguments because it can lead to incorrect conclusions and can be used to deliberately conceal bad arguments.,Philosophy Philosophers (and other users of logic) spend a lot of time and effort searching for and removing (or intentionally adding) ambiguity in arguments because it can,lead,leads,lead,-9.300676345825195,-18.18316078186035,lead,True,8.882484436035156
"Azerbaijan also has an ancient Jewish population with a 2,000-year history; Jewish organizations estimate that 12,000 Jews remain in Azerbaijan, which is home to the only Jewish-majority town outside of Israel and the United States.","Azerbaijan also has an ancient Jewish population with a 2,000-year history; Jewish organizations",estimates,estimate,estimate,-17.27125358581543,-16.7617244720459,estimate,True,0.5095291137695312
"Azerbaijan also has an ancient Jewish population with a 2,000-year history; Jewish organizations estimate that 12,000 Jews remain in Azerbaijan, which is home to the only Jewish-majority town outside of Israel and the United States.","Azerbaijan also has an ancient Jewish population with a 2,000-year history; Jewish organizations estimate that 12,000 Jews",remains,remain,remain,-16.92517852783203,-16.856353759765625,remain,True,0.06882476806640625
"In general, the half-life of a nuclide becomes shorter as atomic number increases, though undiscovered nuclides with certain ""magic"" numbers of protons and neutrons may have relatively longer half-lives and comprise an island of stability.","In general, the half-life of a nuclide",becomes,become,becomes,-18.340360641479492,-17.993200302124023,become,,-0.34716033935546875
"In general, the half-life of a nuclide becomes shorter as atomic number increases, though undiscovered nuclides with certain ""magic"" numbers of protons and neutrons may have relatively longer half-lives and comprise an island of stability.","In general, the half-life of a nuclide becomes shorter as atomic number",increases,increase,increases,-19.166690826416016,-18.99592399597168,increase,,-0.17076683044433594
"In general, the half-life of a nuclide becomes shorter as atomic number increases, though undiscovered nuclides with certain ""magic"" numbers of protons and neutrons may have relatively longer half-lives and comprise an island of stability.","In general, the half-life of a nuclide becomes shorter as atomic number increases, though undiscovered nuclides with certain ""magic"" numbers of protons and neutrons may",has,have,have,-9.587370872497559,-9.485315322875977,have,True,0.10205554962158203
"When the repulsive forces within the liquid metal surface exceeds the forces of the surface tension, it vigorously explodes.","When the repulsive forces within the liquid metal surface exceeds the forces of the surface tension, it vigorously",explodes,explode,explodes,-19.517702102661133,-19.21942138671875,explode,,-0.2982807159423828
"Aboriginal Identity Peoples made up 5.8% of the population in 2006, about half of whom consist of First Nations and the other half are Mtis.","Aboriginal Identity Peoples made up 5.8% of the population in 2006, about half of whom",consists,consist,consist,-18.520442962646484,-18.319082260131836,consist,True,0.20136070251464844
"Larger towns usually have their own local police and some villages rely on ""Public Safety Officers"" who have police training but do not carry firearms.",Larger towns usually have their own local police and some villages,relies,rely,rely,-16.99077033996582,-8.794878005981445,rely,True,8.195892333984375
"Larger towns usually have their own local police and some villages rely on ""Public Safety Officers"" who have police training but do not carry firearms.","Larger towns usually have their own local police and some villages rely on ""Public Safety Officers"" who",have,has,have,-8.813514709472656,-8.923468589782715,have,True,0.1099538803100586
"The concept correlates to the Tawhid, where chapter 112 of the Qur'an (Al-'Ikhls, The Sincerity) reads: SAY, God is one GOD;  the eternal GOD:  He begetteth not, neither is He begotten:  and there is not any one like unto Him.and","The concept correlates to the Tawhid, where chapter 112 of the Qur'an (Al-'Ikhls, The Sincerity) reads: SAY, God is one GOD;  the eternal GOD:  He",begetteth,begetteth,begetteth,-38.686553955078125,-38.686553955078125,begetteth,True,0.0
"The ALA also mentions the way that the book was prevented from being featured at the International Book Fair in Moscow, Russia, in 1977 and banned from schools in the United Arab Emirates for references to practices or actions that defy Arab or Islamic beliefs, such as pigs or alcohol.","The ALA also mentions the way that the book was prevented from being featured at the International Book Fair in Moscow, Russia, in 1977 and banned from schools in the United Arab Emirates for references to practices or actions that",defy,defies,defy,-17.94732666015625,-18.017728805541992,defy,True,0.07040214538574219
"Minorities usually accept rough consensus, except when they feel the proposal contradicts anarchist ethics, goals and values.","Minorities usually accept rough consensus, except when they feel the proposal",contradict,contradicts,contradicts,-30.28605365753174,-31.240817070007324,contradict,,-0.9547634124755859
"However, while Apollo has a great number of appellations in Greek myth, only a few occur in Latin literature.","However, while Apollo has a great number of appellations in Greek myth, only a few",occurs,occur,occur,-18.069414138793945,-17.601383209228516,occur,True,0.4680309295654297
"Human activities (e.g., deforestation, farming, and urbanization) change the albedo of various areas around the globe.","Human activities (e.g., deforestation, farming, and urbanization)",change,changes,change,-9.479085922241211,-9.693449974060059,change,True,0.21436405181884766
If a person had an image appear for a moment after waking up or if they see something in the dark it is not considered a dream because they were awake when it occurred.,If a person had an image appear for a moment after waking up or if they,sees,see,see,-15.687437057495117,-8.100786209106445,see,True,7.586650848388672
"Termite mounds alone don't provide enough food for the aardvark, so they look for termites that are on the move.","Termite mounds alone don't provide enough food for the aardvark, so they",looks,look,look,-17.572256088256836,-8.865381240844727,look,True,8.70687484741211
The form of home automation called assistive domotics focuses on making it possible for elderly and disabled people to live independently.,The form of home automation called assistive domotics focuses on making it possible for elderly and disabled people to,live,lives,live,-9.507529258728027,-18.267955780029297,live,True,8.76042652130127
"While Alaska has no state sales tax, 89 municipalities collect a local sales tax, from 1.0 to 7.5%, typically 3 5%.","While Alaska has no state sales tax, 89 municipalities",collects,collect,collect,-19.625951766967773,-9.934247016906738,collect,True,9.691704750061035
"In latitudes above 40 North some east west oscillation, known as the North Atlantic oscillation, occurs.","In latitudes above 40 North some east west oscillation, known as the North Atlantic oscillation,",occur,occurs,occurs,-18.384275436401367,-18.739763259887695,occur,,-0.3554878234863281
"Plainly put, the formal cause is the idea in the mind of the sculptor that brings the sculpture into being.","Plainly put, the formal cause is the idea in the mind of the sculptor that",brings,bring,brings,-17.37373924255371,-8.8234224319458,bring,,-8.55031681060791
Research has found that people are most likely to help if they recognize that a person is in need and feel personal responsibility for reducing the person's distress.,Research has found that people are most likely to help if they,recognize,recognizes,recognize,-16.193798065185547,-16.629119873046875,recognize,True,0.4353218078613281
"It was an era of constitution writing most states were busy at the task and leaders felt the new nation must have a written constitution; a ""rulebook"" for how the new nation should function.",It was an era of constitution writing most states were busy at the task and leaders felt the new nation must,have,has,have,-9.096471786499023,-9.209319114685059,have,True,0.11284732818603516
"It was an era of constitution writing most states were busy at the task and leaders felt the new nation must have a written constitution; a ""rulebook"" for how the new nation should function.","It was an era of constitution writing most states were busy at the task and leaders felt the new nation must have a written constitution; a ""rulebook"" for how the new nation should",functions,function,function,-17.899675369262695,-8.853693008422852,function,True,9.045982360839844
"This style is common in modern biology when large amounts of data become available in a new field, such as genomics.",This style is common in modern biology when large amounts of data,become,becomes,become,-26.175979614257812,-26.515339851379395,become,True,0.33936023712158203
"Strabo (13.1.32) also suggested that such a cult of Achilles existed in Troad: The spread and intensity of the hero's veneration among the Greeks that had settled on the northern coast of the Pontus Euxinus, today's Black Sea, appears to have been remarkable.","Strabo (13.1.32) also suggested that such a cult of Achilles existed in Troad: The spread and intensity of the hero's veneration among the Greeks that had settled on the northern coast of the Pontus Euxinus, today's Black Sea,",appear,appears,appears,-17.52791976928711,-17.669845581054688,appear,,-0.14192581176757812
"Songs and poetry often rely on ambiguous words for artistic effect, as in the song title ""Don't It Make My Brown Eyes Blue"" (where ""blue"" can refer to the color, or to sadness).","Songs and poetry often rely on ambiguous words for artistic effect, as in the song title ""Don't It Make My Brown Eyes Blue"" (where ""blue"" can",refer,refers,refer,-18.547700881958008,-18.5295352935791,refers,,-0.01816558837890625
"He was thus critical of Empedocles's materialist theory of a ""survival of the fittest"" origin of living things and their organs, and ridiculed the idea that accidents could lead to orderly results.","He was thus critical of Empedocles's materialist theory of a ""survival of the fittest"" origin of living things and their organs, and ridiculed the idea that accidents could",leads,lead,lead,-17.93524169921875,-9.06846809387207,lead,True,8.86677360534668
"According to Daniel Albright, ""Schopenhauer thought that music was the only art that did not merely copy ideas, but actually embodied the will itself"".","According to Daniel Albright, ""Schopenhauer thought that music was the only art that did not merely",copies,copy,copy,-17.49457359313965,-8.88906478881836,copy,True,8.605508804321289
"The Latin word is derived from ancient Greek (abax) which means something without a base, and colloquially, any piece of rectangular material.",The Latin word is derived from ancient Greek (abax) which,mean,means,means,-8.811538696289062,-16.59416961669922,mean,,-7.782630920410156
"The /? pair also dates to the No. 2, and the ,< .> pairs were used on some keyboards (others, including the No. 2, did not shift , (comma) or . (full stop) so they could be used in uppercase without unshifting).","The /? pair also dates to the No. 2, and the ,< .> pairs were used on some keyboards (others, including the No. 2, did not",shifts,shift,shift,-16.656103134155273,-8.350839614868164,shift,True,8.30526351928711
"These are dissected by three narrow valleys in a Y shape that combine into one as the main stream, the Gran Valira river, leaves the country for Spain (at Andorra's lowest point of ).",These are dissected by three narrow valleys in a Y shape that,combines,combine,combine,-18.5866641998291,-18.345722198486328,combine,True,0.24094200134277344
"These are dissected by three narrow valleys in a Y shape that combine into one as the main stream, the Gran Valira river, leaves the country for Spain (at Andorra's lowest point of ).","These are dissected by three narrow valleys in a Y shape that combine into one as the main stream, the Gran Valira river,",leaves,leave,leaves,-18.111188888549805,-9.148557662963867,leave,,-8.962631225585938
"In 322 BC, Demophilus and Eurymedon the Hierophant reportedly denounced Aristotle for impiety, prompting him to flee to his mother's family estate in Chalcis, on Euboea, at which occasion he was said to have stated: ""I will not allow the Athenians to sin twice against philosophy""   a reference to Athens's trial and execution of Socrates.","In 322 BC, Demophilus and Eurymedon the Hierophant reportedly denounced Aristotle for impiety, prompting him to flee to his mother's family estate in Chalcis, on Euboea, at which occasion he was said to have stated: ""I will not",allows,allow,allow,-9.116209030151367,-9.138708114624023,allows,,-0.02249908447265625
"In 322 BC, Demophilus and Eurymedon the Hierophant reportedly denounced Aristotle for impiety, prompting him to flee to his mother's family estate in Chalcis, on Euboea, at which occasion he was said to have stated: ""I will not allow the Athenians to sin twice against philosophy""   a reference to Athens's trial and execution of Socrates.","In 322 BC, Demophilus and Eurymedon the Hierophant reportedly denounced Aristotle for impiety, prompting him to flee to his mother's family estate in Chalcis, on Euboea, at which occasion he was said to have stated: ""I will not allow the Athenians to",sin,sins,sin,-9.155837059020996,-18.0031681060791,sin,True,8.847331047058105
"At the Camden Wealth Advisors Cup's final in Houston, Agassi beat James Blake for a rematch of their 2005 US Open quarterfinal.","At the Camden Wealth Advisors Cup's final in Houston, Agassi",beat,beats,beat,-19.057397842407227,-20.168331146240234,beat,True,1.1109333038330078
"Schopenhauer praised Kant for his distinction between appearance and the thing-in-itself, whereas the general consensus in German idealism was that this was the weakest spot of Kant's theory, since, according to Kant, causality can find application on objects of experience only, and consequently, things-in-themselves cannot be the cause of appearances.","Schopenhauer praised Kant for his distinction between appearance and the thing-in-itself, whereas the general consensus in German idealism was that this was the weakest spot of Kant's theory, since, according to Kant, causality can",finds,find,find,-18.103652954101562,-9.055292129516602,find,True,9.048360824584961
"They decide that a person who is intentionally false must be ""better"" than a person who is unintentionally false, on the basis that someone who lies intentionally must understand the subject about which they are lying.","They decide that a person who is intentionally false must be ""better"" than a person who is unintentionally false, on the basis that someone who lies intentionally must",understands,understand,understand,-27.44366455078125,-18.375743865966797,understand,True,9.067920684814453
"They decide that a person who is intentionally false must be ""better"" than a person who is unintentionally false, on the basis that someone who lies intentionally must understand the subject about which they are lying.","They decide that a person who is intentionally false must be ""better"" than a person who is unintentionally false, on the basis that someone who",lie,lies,lies,-18.09649085998535,-18.1281795501709,lie,,-0.031688690185546875
"In England and Wales, the police cannot legally detain anyone for more than 24 hours without charging them unless an officer with the rank of superintendent (or above) authorises detention for a further 12 hours (36 hours total), or a judge (who will be a magistrate) authorises detention by the police before charge for up to a maximum of 96 hours, but for terrorism-related offences people can be held by the police for up to 28 days before charge.","In England and Wales, the police cannot legally",detain,detains,detain,-17.90410041809082,-18.49555778503418,detain,True,0.5914573669433594
"In England and Wales, the police cannot legally detain anyone for more than 24 hours without charging them unless an officer with the rank of superintendent (or above) authorises detention for a further 12 hours (36 hours total), or a judge (who will be a magistrate) authorises detention by the police before charge for up to a maximum of 96 hours, but for terrorism-related offences people can be held by the police for up to 28 days before charge.","In England and Wales, the police cannot legally detain anyone for more than 24 hours without charging them unless an officer with the rank of superintendent (or above)",authorise,authorises,authorises,-18.779464721679688,-18.972740173339844,authorise,,-0.19327545166015625
"In England and Wales, the police cannot legally detain anyone for more than 24 hours without charging them unless an officer with the rank of superintendent (or above) authorises detention for a further 12 hours (36 hours total), or a judge (who will be a magistrate) authorises detention by the police before charge for up to a maximum of 96 hours, but for terrorism-related offences people can be held by the police for up to 28 days before charge.","In England and Wales, the police cannot legally detain anyone for more than 24 hours without charging them unless an officer with the rank of superintendent (or above) authorises detention for a further 12 hours (36 hours total), or a judge (who will be a magistrate)",authorise,authorises,authorises,-18.574033737182617,-18.68061637878418,authorise,,-0.1065826416015625
"When the MPLA first attempted to insert its own insurgents into Angola, the cadres were ambushed and annihilated by UPA partisans on Roberto's orders setting a precedent for the bitter factional strife which would later ignite the Angolan Civil War.","When the MPLA first attempted to insert its own insurgents into Angola, the cadres were ambushed and annihilated by UPA partisans on Roberto's orders setting a precedent for the bitter factional strife which would later",ignite,ignites,ignite,-19.2529354095459,-19.15601921081543,ignites,,-0.09691619873046875
"The tragedies relate the deeds of Achilles during the Trojan War, including his defeat of Hector and eventual death when an arrow shot by Paris and guided by Apollo punctures his heel.","The tragedies relate the deeds of Achilles during the Trojan War, including his defeat of Hector and eventual death when an arrow shot by Paris and guided by Apollo",punctures,puncture,punctures,-37.51713562011719,-28.655210494995117,puncture,,-8.86192512512207
"Despite extensive oil and gas resources, diamonds, hydroelectric potential, and rich agricultural land, Angola remains poor, and a third of the population relies on subsistence agriculture.","Despite extensive oil and gas resources, diamonds, hydroelectric potential, and rich agricultural land, Angola",remains,remain,remains,-37.0976676940918,-27.91105556488037,remain,,-9.186612129211426
"Despite extensive oil and gas resources, diamonds, hydroelectric potential, and rich agricultural land, Angola remains poor, and a third of the population relies on subsistence agriculture.","Despite extensive oil and gas resources, diamonds, hydroelectric potential, and rich agricultural land, Angola remains poor, and a third of the population",rely,relies,relies,-9.233186721801758,-18.129276275634766,rely,,-8.896089553833008
"The insoluble matter, consisting mainly of silica ore, ranges from 8% to 17%.","The insoluble matter, consisting mainly of silica ore,",ranges,range,ranges,-20.397388458251953,-10.31453800201416,range,,-10.082850456237793
"In this system, heavy bodies in steady fall indeed travel faster than light ones (whether friction is ignored, or not), and they do fall more slowly in a denser medium.","In this system, heavy bodies in steady fall indeed",travels,travel,travel,-19.812223434448242,-9.984464645385742,travel,True,9.8277587890625
"In this system, heavy bodies in steady fall indeed travel faster than light ones (whether friction is ignored, or not), and they do fall more slowly in a denser medium.","In this system, heavy bodies in steady fall indeed travel faster than light ones (whether friction is ignored, or not), and they do",fall,falls,fall,-9.4729642868042,-9.593002319335938,fall,True,0.12003803253173828
"Thus, an Arrhenius acid can also be described as a substance that increases the concentration of hydronium ions when added to water.","Thus, an Arrhenius acid can also be described as a substance that",increases,increase,increases,-17.191362380981445,-17.070783615112305,increase,,-0.12057876586914062
"Their lungs are functional early, but the larvae do not make as much use of them as do tadpoles.","Their lungs are functional early, but the larvae do not",make,makes,make,-8.96351146697998,-8.977938652038574,make,True,0.01442718505859375
"Since it only requires that the final position of beads be remembered, it takes less memory and less computation time.","Since it only requires that the final position of beads be remembered, it",takes,take,takes,-17.363250732421875,-8.90700626373291,take,,-8.456244468688965
"He stated, ""I am not a Soviet dissident, I have no conflict with the Soviet Government,"" but if he returned home, he added, ""I would be unemployed.""","He stated, ""I am not a Soviet dissident, I",have,has,have,-8.64222526550293,-9.136065483093262,have,True,0.49384021759033203
"Instead, a group of unelected civilian and military ""dcideurs"" (""deciders""), known as ""le pouvoir"" (""the power""), actually rule the country, even deciding who should be president.","Instead, a group of unelected civilian and military ""dcideurs"" (""deciders""), known as ""le pouvoir"" (""the power""), actually",rules,rule,rule,-9.404949188232422,-9.29698657989502,rule,True,0.10796260833740234
"If the appellate court finds no defect, it ""affirms"" the judgment.","If the appellate court finds no defect, it """,affirm,affirms,affirms,-19.2756290435791,-19.76148796081543,affirm,,-0.4858589172363281
"If Earth were frozen entirely (and hence be more reflective), the average temperature of the planet would drop below .","If Earth were frozen entirely (and hence be more reflective), the average temperature of the planet would",drop,drops,drop,-9.294397354125977,-9.459118843078613,drop,True,0.16472148895263672
"Ladd Peebles Stadium in Mobile is the home of the University of South Alabama football team, and serves as the home of the NCAA Senior Bowl, LendingTree Bowl, and Alabama-Mississippi All Star Classic; the stadium seats 40,646.","Ladd Peebles Stadium in Mobile is the home of the University of South Alabama football team, and serves as the home of the NCAA Senior Bowl, LendingTree Bowl, and Alabama-Mississippi All Star Classic; the stadium",seats,seat,seats,-18.373624801635742,-9.32032299041748,seat,,-9.053301811218262
"As said by the officer in the story, ""In this age of Realien advancement, who knows what goes on in the mind of those responsible for these mechanical dolls.""","As said by the officer in the story, ""In this age of Realien advancement, who",knows,know,knows,-27.454524993896484,-18.68892478942871,know,,-8.765600204467773
"As said by the officer in the story, ""In this age of Realien advancement, who knows what goes on in the mind of those responsible for these mechanical dolls.""","As said by the officer in the story, ""In this age of Realien advancement, who knows what",go,goes,goes,-9.384495735168457,-18.430814743041992,go,,-9.046319007873535
The earliest archaeological evidence for the use of the Greek abacus dates to the 5th century BC.,The earliest archaeological evidence for the use of the Greek abacus,date,dates,dates,-9.325739860534668,-9.387458801269531,date,,-0.06171894073486328
"Dominant males even go a step further and as the breeding season approaches, they make increasingly greater and greater incursions onto weaker males' territories.",Dominant males even go a step further and as the breeding season,approach,approaches,approaches,-19.18805694580078,-19.818273544311523,approach,,-0.6302165985107422
"Dominant males even go a step further and as the breeding season approaches, they make increasingly greater and greater incursions onto weaker males' territories.","Dominant males even go a step further and as the breeding season approaches, they",makes,make,make,-9.313288688659668,-9.4853515625,makes,,-0.17206287384033203
"In addition, the Sethite line of the Generations of Adam swear by Abel's blood to segregate themselves from the unrighteous.","In addition, the Sethite line of the Generations of Adam",swear,swears,swear,-20.254878997802734,-20.84994888305664,swear,True,0.5950698852539062
"Other alkali metal arsenides not conforming to the formula M3As are known, such as LiAs, which has a metallic lustre and electrical conductivity indicating the presence of some metallic bonding.","Other alkali metal arsenides not conforming to the formula M3As are known, such as LiAs, which",has,have,has,-8.723418235778809,-8.57272720336914,have,,-0.15069103240966797
"The central aspen parkland region extending in a broad arc between the prairies and the forests, from Calgary, north to Edmonton, and then east to Lloydminster, contains the most fertile soil in the province and most of the population.","The central aspen parkland region extending in a broad arc between the prairies and the forests, from Calgary, north to Edmonton, and then east to Lloydminster,",contain,contains,contains,-18.76890754699707,-18.878494262695312,contain,,-0.10958671569824219
"An estimated 0.5% to 10% of individuals with ASD show unusual abilities, ranging from splinter skills such as the memorization of trivia to the extraordinarily rare talents of prodigious autistic savants.",An estimated 0.5% to 10% of individuals with ASD,show,shows,show,-9.337480545043945,-9.19162654876709,shows,,-0.14585399627685547
"Galt himself remains concealed throughout much of the novel, working a job and living by himself, where he unites the most skillful inventors and business leaders under his leadership.","Galt himself remains concealed throughout much of the novel, working a job and living by himself, where he",unites,unite,unites,-16.97446060180664,-17.13121795654297,unites,True,0.15675735473632812
The tiger salamander (Ambystoma tigrinum) is typical of the frogs and salamanders that hide under cover ready to ambush unwary invertebrates.,The tiger salamander (Ambystoma tigrinum) is typical of the frogs and salamanders that,hide,hides,hide,-9.177745819091797,-17.80524444580078,hide,True,8.627498626708984
"Apollo8 was planned as the ""D"" mission, a test of the LM in a low Earth orbit in December 1968 by James McDivitt, David Scott, and Russell Schweickart, while Borman's crew would fly the ""E"" mission, a more rigorous LM test in an elliptical medium Earth orbit as Apollo9, in early 1969.","Apollo8 was planned as the ""D"" mission, a test of the LM in a low Earth orbit in December 1968 by James McDivitt, David Scott, and Russell Schweickart, while Borman's crew would",flies,fly,fly,-9.001932144165039,-9.028083801269531,flies,,-0.026151657104492188
"Through its use, the time that a family member or friend would need to care for a patient significantly decreases.","Through its use, the time that a family member or friend would need to care for a patient significantly",decrease,decreases,decreases,-25.084187507629395,-25.295001983642578,decrease,,-0.2108144760131836
"Through its use, the time that a family member or friend would need to care for a patient significantly decreases.","Through its use, the time that a family member or friend would",needs,need,need,-8.048478126525879,-8.08641529083252,needs,,-0.037937164306640625
"Zeus and Poseidon had been rivals for Thetis's hand in marriage until Prometheus, the fore-thinker, warned Zeus of a prophecy (originally uttered by Themis, goddess of divine law) that Thetis would bear a son greater than his father.","Zeus and Poseidon had been rivals for Thetis's hand in marriage until Prometheus, the fore-thinker, warned Zeus of a prophecy (originally uttered by Themis, goddess of divine law) that Thetis would",bear,bears,bear,-9.79566764831543,-19.435985565185547,bear,True,9.640317916870117
"In Plato's Symposium, the participants in a dialogue about love assume that Achilles and Patroclus were a couple; Phaedrus argues that Achilles was the younger and more beautiful one so he was the beloved and Patroclus was the lover.","In Plato's Symposium, the participants in a dialogue about love",assumes,assume,assume,-18.376874923706055,-18.3728084564209,assume,True,0.00406646728515625
"In Plato's Symposium, the participants in a dialogue about love assume that Achilles and Patroclus were a couple; Phaedrus argues that Achilles was the younger and more beautiful one so he was the beloved and Patroclus was the lover.","In Plato's Symposium, the participants in a dialogue about love assume that Achilles and Patroclus were a couple; Phaedrus",argues,argue,argues,-18.62855339050293,-18.595922470092773,argue,,-0.03263092041015625
"For a randomized experiment, the assumption of unit-treatment additivity implies that the variance is constant for all treatments.","For a randomized experiment, the assumption of unit-treatment additivity",imply,implies,implies,-21.395261764526367,-22.090593338012695,imply,,-0.6953315734863281
"And due to the double jeopardy principle, the state or prosecution may never appeal a jury or bench verdict of acquittal.","And due to the double jeopardy principle, the state or prosecution may never",appeals,appeal,appeal,-18.912939071655273,-18.573814392089844,appeal,True,0.3391246795654297
"One example of archaeological evidence of the Roman abacus, shown nearby in reconstruction, dates to the 1st century AD.","One example of archaeological evidence of the Roman abacus, shown nearby in reconstruction,",date,dates,dates,-9.51889705657959,-9.558734893798828,date,,-0.03983783721923828
"Most other mammals have a placenta through which the developing foetus obtains nourishment, but in marsupials, the foetal stage is very short and the immature young is born and finds its way to its mother's pouch where it latches on to a nipple and completes its development.",Most other mammals have a placenta through which the developing foetus,obtains,obtain,obtains,-18.1688289642334,-18.915624618530273,obtains,True,0.746795654296875
"Most other mammals have a placenta through which the developing foetus obtains nourishment, but in marsupials, the foetal stage is very short and the immature young is born and finds its way to its mother's pouch where it latches on to a nipple and completes its development.","Most other mammals have a placenta through which the developing foetus obtains nourishment, but in marsupials, the foetal stage is very short and the immature young is born and finds its way to its mother's pouch where it",latch,latches,latches,-18.524059295654297,-18.76317024230957,latch,,-0.23911094665527344
"There is no external ear, but the large circular eardrum lies on the surface of the head just behind the eye.","There is no external ear, but the large circular eardrum",lie,lies,lies,-9.459837913513184,-9.546647071838379,lie,,-0.08680915832519531
"Einstein quantitatively derived critical opalescence from a treatment of density fluctuations, and demonstrated how both the effect and Rayleigh scattering originate from the atomistic constitution of matter.","Einstein quantitatively derived critical opalescence from a treatment of density fluctuations, and demonstrated how both the effect and Rayleigh scattering",originates,originate,originate,-19.751115798950195,-19.567398071289062,originate,True,0.1837177276611328
The stronger of two acids will have a higher Ka than the weaker acid; the ratio of hydrogen ions to acid will be higher for the stronger acid as the stronger acid has a greater tendency to lose its proton.,The stronger of two acids will have a higher Ka than the weaker acid; the ratio of hydrogen ions to acid will be higher for the stronger acid as the stronger acid,have,has,has,-9.065747261047363,-9.120625495910645,have,,-0.05487823486328125
"The law, if enacted, would punish doctors who perform abortions with 10 to 99 years imprisonment and be the most restrictive abortion law in the country.","The law, if enacted, would punish doctors who",perform,performs,perform,-19.48869514465332,-19.42827033996582,performs,,-0.0604248046875
"The word ""metaphysics"" appears to have been coined by the first century AD editor who assembled various small selections of Aristotle's works to the treatise we know by the name Metaphysics.","The word ""metaphysics"" appears to have been coined by the first century AD editor who assembled various small selections of Aristotle's works to the treatise we",knows,know,know,-17.976486206054688,-9.016463279724121,know,True,8.960022926330566
"For example, ""ice cream"" and ""I scream"".","For example, ""ice cream"" and ""I",screams,scream,scream,-29.164506912231445,-19.77961540222168,scream,True,9.384891510009766
In the subset of people who have gluten sensitivity there is limited evidence that suggests that a gluten-free diet may improve some autistic behaviors.,In the subset of people who have gluten sensitivity there is limited evidence that,suggests,suggest,suggests,-19.50360870361328,-9.857806205749512,suggest,,-9.64580249786377
In the subset of people who have gluten sensitivity there is limited evidence that suggests that a gluten-free diet may improve some autistic behaviors.,In the subset of people who have gluten sensitivity there is limited evidence that suggests that a gluten-free diet may,improve,improves,improve,-9.299565315246582,-18.674402236938477,improve,True,9.374836921691895
"On 1 July 2021, the US Congress advanced legislation that will have an impact on the military aid that Washington has sent to Azerbaijan since 2012.","On 1 July 2021, the US Congress advanced legislation that will",have,has,have,-7.994771957397461,-8.294469833374023,have,True,0.2996978759765625
"Napoleon enacts changes to the governance structure of the farm, replacing meetings with a committee of pigs who will run the farm.","Napoleon enacts changes to the governance structure of the farm, replacing meetings with a committee of pigs who will",run,runs,run,-10.367740631103516,-10.461688041687012,run,True,0.0939474105834961
"Stream dwellers mostly have larger mouths, shallow bodies and caudal fins; they attach themselves to plants and stones and feed on the surface films of algae and bacteria.","Stream dwellers mostly have larger mouths, shallow bodies and caudal fins; they",attaches,attach,attach,-19.680950164794922,-10.19217300415039,attach,True,9.488777160644531
"Over the next two decades, some of the basic concepts it addressed would strengthen; others would weaken, especially in the degree of loyalty (or lack thereof) owed the Crown.","Over the next two decades, some of the basic concepts it addressed would",strengthens,strengthen,strengthen,-27.030109405517578,-26.391254425048828,strengthen,True,0.63885498046875
"Over the next two decades, some of the basic concepts it addressed would strengthen; others would weaken, especially in the degree of loyalty (or lack thereof) owed the Crown.","Over the next two decades, some of the basic concepts it addressed would strengthen; others would",weakens,weaken,weaken,-18.148447036743164,-17.81620216369629,weaken,True,0.332244873046875
This is the Greek ideal of moderation and a virtue that opposes gluttony.,This is the Greek ideal of moderation and a virtue that,oppose,opposes,opposes,-18.541004180908203,-19.06285858154297,oppose,,-0.5218544006347656
"The analysis of variance has been studied from several approaches, the most common of which uses a linear model that relates the response to the treatments and blocks.","The analysis of variance has been studied from several approaches, the most common of which",uses,use,uses,-8.543244361877441,-8.403167724609375,use,,-0.1400766372680664
"The analysis of variance has been studied from several approaches, the most common of which uses a linear model that relates the response to the treatments and blocks.","The analysis of variance has been studied from several approaches, the most common of which uses a linear model that",relates,relate,relates,-17.052776336669922,-17.007444381713867,relate,,-0.04533195495605469
"Neutralization is the basis of titration, where a pH indicator shows equivalence point when the equivalent number of moles of a base have been added to an acid.","Neutralization is the basis of titration, where a pH indicator",shows,show,shows,-19.94048500061035,-10.244955062866211,show,,-9.69552993774414
The difference in weights between Setters and Pointers does not justify separate breeds.,The difference in weights between Setters and Pointers does not,justifies,justify,justify,-20.287302017211914,-19.68310546875,justify,True,0.6041965484619141
"Responding to criticism of Grant after Shiloh, Lincoln had said, ""I can't spare this man.","Responding to criticism of Grant after Shiloh, Lincoln had said, ""I can't",spares,spare,spare,-18.41509437561035,-18.2723331451416,spare,True,0.14276123046875
"Although Schopenhauer could see no justification for trying to prove Euclid's parallel postulate, he did see a reason for examining another of Euclid's axioms.","Although Schopenhauer could see no justification for trying to prove Euclid's parallel postulate, he did",see,sees,see,-9.275532722473145,-18.153488159179688,see,True,8.877955436706543
It was there he discovered the mighty outflow river which bears his name the Mackenzie River which he followed to its outlet in the Arctic Ocean.,It was there he discovered the mighty outflow river which,bears,bear,bears,-18.334583282470703,-9.482795715332031,bear,,-8.851787567138672
"Subsequently, the Ki, Mi, and Gi prefixes were introduced so that binary prefixes could be written explicitly, also rendering k, M, and G unambiguous in texts conforming to the new standard this led to a new ambiguity in engineering documents lacking outward trace of the binary prefixes (necessarily indicating the new style) as to whether the usage of k, M, and G remains ambiguous (old style) or not (new style).","Subsequently, the Ki, Mi, and Gi prefixes were introduced so that binary prefixes could be written explicitly, also rendering k, M, and G unambiguous in texts conforming to the new standard this led to a new ambiguity in engineering documents lacking outward trace of the binary prefixes (necessarily indicating the new style) as to whether the usage of k, M, and G",remains,remain,remains,-18.39910888671875,-18.336971282958984,remain,,-0.062137603759765625
Deciduous trees have an albedo value of about 0.15 to 0.18 whereas coniferous trees have a value of about 0.09 to 0.15.,Deciduous trees have an albedo value of about 0.15 to 0.18 whereas coniferous trees,have,has,have,-17.79817008972168,-17.641441345214844,has,,-0.15672874450683594
"""We want to make sure that NASA is going to be there for them when they want to take their journey.""","""We want to make sure that NASA is going to be there for them when they",wants,want,want,-15.983904838562012,-8.319260597229004,want,True,7.664644241333008
"Several organizations, such as the American Association of Variable Star Observers and the British Astronomical Association, exist to help coordinate these contributions.","Several organizations, such as the American Association of Variable Star Observers and the British Astronomical Association,",exist,exists,exist,-8.982954978942871,-18.068862915039062,exist,True,9.085907936096191
"Gender equality can be a common principle, although it ranks as a higher priority to anarcha-feminists than anarcho-communists.","Gender equality can be a common principle, although it",ranks,rank,ranks,-19.000761032104492,-9.588754653930664,rank,,-9.412006378173828
"At Clarus, on the west coast of Asia Minor; as at Delphi a holy spring which gave off a pneuma, from which the priests drank.","At Clarus, on the west coast of Asia Minor; as at Delphi a holy spring which gave off a pneuma, from which the priests",drank,drank,drank,-17.96265411376953,-17.96265411376953,drank,True,0.0
"He said the Kansas Act had a ""declared indifference, but as I must think, a covert real zeal for the spread of slavery.","He said the Kansas Act had a ""declared indifference, but as I must",think,thinks,think,-8.862874031066895,-17.24604034423828,think,True,8.383166313171387
"With over 30 million copies sold , Rand's books continue to be read widely.","With over 30 million copies sold , Rand's books",continue,continues,continue,-32.028839111328125,-32.07326126098633,continue,True,0.044422149658203125
The epithelial cells on the external surface of the body typically secrete an extracellular matrix in the form of a cuticle.,The epithelial cells on the external surface of the body typically,secretes,secrete,secrete,-18.2536563873291,-18.7866268157959,secretes,,-0.5329704284667969
"The Andorra national rugby union team, nicknamed Els Isards, plays on the international stage in rugby union and rugby sevens.","The Andorra national rugby union team, nicknamed Els Isards,",play,plays,plays,-8.645347595214844,-9.135919570922852,play,,-0.4905719757080078
"At first, he is used to acquire necessities that cannot be produced on the farm, such as dog biscuits and paraffin wax, but later he procures luxuries like alcohol for the pigs.","At first, he is used to acquire necessities that cannot be produced on the farm, such as dog biscuits and paraffin wax, but later he",procures,procure,procures,-17.114986419677734,-17.180099487304688,procures,True,0.06511306762695312
Fertilisation is likely to be external as sirenids lack the cloacal glands used by male salamandrids to produce spermatophores and the females lack spermathecae for sperm storage.,Fertilisation is likely to be external as sirenids lack the cloacal glands used by male salamandrids to produce spermatophores and the females,lack,lacks,lack,-17.70570945739746,-17.763355255126953,lack,True,0.05764579772949219
"Knox wrote: As Congress failed to act on the petitions, Knox wrote to Gouverneur Morris, four years before the Philadelphia Convention was convened, ""As the present Constitution is so defective, why do not you great men call the people together and tell them so; that is, to have a convention of the States to form a better Constitution.""","Knox wrote: As Congress failed to act on the petitions, Knox wrote to Gouverneur Morris, four years before the Philadelphia Convention was convened, ""As the present Constitution is so defective, why do not you great men",call,calls,call,-9.110129356384277,-17.964317321777344,call,True,8.854187965393066
"He is shot attempting to inform Hank Rearden about a government plot, but does succeed in warning Rearden just before he dies.","He is shot attempting to inform Hank Rearden about a government plot, but does succeed in warning Rearden just before he",dies,die,dies,-9.63940143585205,-9.471524238586426,die,,-0.167877197265625
"Abdul Ghani Baradar would be named head of government as Prime Minister, while other important positions would go to Sirajuddin Haqqani and Mohammad Yaqoob.","Abdul Ghani Baradar would be named head of government as Prime Minister, while other important positions would",goes,go,go,-15.727456092834473,-7.942071914672852,go,True,7.785384178161621
"A simple illustration of such cause and effect is the case of experiencing the effects of what one causes: if one causes suffering, then as a natural consequence one would experience suffering; if one causes happiness, then as a natural consequence one would experience happiness.",A simple illustration of such cause and effect is the case of experiencing the effects of what one,causes,cause,causes,-17.632335662841797,-9.100025177001953,cause,,-8.532310485839844
"A simple illustration of such cause and effect is the case of experiencing the effects of what one causes: if one causes suffering, then as a natural consequence one would experience suffering; if one causes happiness, then as a natural consequence one would experience happiness.",A simple illustration of such cause and effect is the case of experiencing the effects of what one causes: if one,cause,causes,causes,-8.890632629394531,-17.272151947021484,cause,,-8.381519317626953
"A simple illustration of such cause and effect is the case of experiencing the effects of what one causes: if one causes suffering, then as a natural consequence one would experience suffering; if one causes happiness, then as a natural consequence one would experience happiness.","A simple illustration of such cause and effect is the case of experiencing the effects of what one causes: if one causes suffering, then as a natural consequence one would",experiences,experience,experience,-17.667308807373047,-17.55682373046875,experience,True,0.11048507690429688
"A simple illustration of such cause and effect is the case of experiencing the effects of what one causes: if one causes suffering, then as a natural consequence one would experience suffering; if one causes happiness, then as a natural consequence one would experience happiness.","A simple illustration of such cause and effect is the case of experiencing the effects of what one causes: if one causes suffering, then as a natural consequence one would experience suffering; if one",cause,causes,causes,-8.708096504211426,-17.026090621948242,cause,,-8.317994117736816
"A simple illustration of such cause and effect is the case of experiencing the effects of what one causes: if one causes suffering, then as a natural consequence one would experience suffering; if one causes happiness, then as a natural consequence one would experience happiness.","A simple illustration of such cause and effect is the case of experiencing the effects of what one causes: if one causes suffering, then as a natural consequence one would experience suffering; if one causes happiness, then as a natural consequence one would",experience,experiences,experience,-17.33449363708496,-17.420137405395508,experience,True,0.08564376831054688
"The stage was then set for the election of the Illinois legislature which would, in turn, select Lincoln or Douglas.","The stage was then set for the election of the Illinois legislature which would, in turn,",selects,select,select,-17.31170654296875,-8.64758586883545,select,True,8.6641206741333
Rational egoism is the view that rationality consists in acting in one's self-interest (without specifying how this affects one's moral obligations).,Rational egoism is the view that rationality consists in acting in one's self-interest (without specifying how this,affects,affect,affects,-28.902557373046875,-19.385356903076172,affect,,-9.517200469970703
"Eliot said he found the view ""not convincing"", and contended that the pigs were made out to be the best to run the farm; he posited that someone might argue ""what was needed ... was not more communism but more public-spirited pigs"".","Eliot said he found the view ""not convincing"", and contended that the pigs were made out to be the best to run the farm; he posited that someone might",argue,argues,argue,-17.487939834594727,-17.55974769592285,argue,True,0.071807861328125
"While the analysis of variance reached fruition in the 20th century, antecedents extend centuries into the past according to Stigler.","While the analysis of variance reached fruition in the 20th century, antecedents",extends,extend,extend,-29.49056339263916,-29.08018970489502,extend,True,0.4103736877441406
"The longest river in the province is the Athabasca River, which travels from the Columbia Icefield in the Rocky Mountains to Lake Athabasca.","The longest river in the province is the Athabasca River, which",travels,travel,travels,-19.035701751708984,-9.581679344177246,travel,,-9.454022407531738
"However, the torsion angle between a given hydrogen atom attached to the front carbon and a given hydrogen atom attached to the rear carbon can vary freely between 0 and 360.","However, the torsion angle between a given hydrogen atom attached to the front carbon and a given hydrogen atom attached to the rear carbon can",vary,varies,vary,-9.294144630432129,-9.378400802612305,vary,True,0.08425617218017578
"Various anarchist groups, tendencies, and schools of thought exist today, making it difficult to describe the contemporary anarchist movement.","Various anarchist groups, tendencies, and schools of thought",exists,exist,exist,-22.262725830078125,-21.680360794067383,exist,True,0.5823650360107422
Most of the MAR runs under water but where it reaches the surfaces it has produced volcanic islands.,Most of the MAR runs under water but where it,reaches,reach,reaches,-17.628175735473633,-9.128064155578613,reach,,-8.50011157989502
"Illumination Albedo is not directly dependent on illumination because changing the amount of incoming light proportionally changes the amount of reflected light, except in circumstances where a change in illumination induces a change in the Earth's surface at that location (e.g. through melting of reflective ice).","Illumination Albedo is not directly dependent on illumination because changing the amount of incoming light proportionally changes the amount of reflected light, except in circumstances where a change in illumination",induce,induces,induces,-18.208715438842773,-18.302377700805664,induce,,-0.09366226196289062
"Arawak heritage is stronger on Aruba than on most Caribbean islands; although no full-blooded Aboriginals remain, the features of the islanders clearly indicate their genetic Arawak heritage.",Arawak heritage is stronger on Aruba than on most Caribbean islands; although no full-blooded Aboriginals,remains,remain,remain,-18.305078506469727,-18.27241325378418,remain,True,0.032665252685546875
"Arawak heritage is stronger on Aruba than on most Caribbean islands; although no full-blooded Aboriginals remain, the features of the islanders clearly indicate their genetic Arawak heritage.","Arawak heritage is stronger on Aruba than on most Caribbean islands; although no full-blooded Aboriginals remain, the features of the islanders clearly",indicates,indicate,indicate,-18.10935401916504,-17.902555465698242,indicate,True,0.20679855346679688
"The Matanuska-Susitna Borough, the majority of Fairbanks (including North Pole and the military base), and South Anchorage typically have the strongest Republican showing.","The Matanuska-Susitna Borough, the majority of Fairbanks (including North Pole and the military base), and South Anchorage typically",has,have,have,-10.059802055358887,-9.907158851623535,have,True,0.15264320373535156
"Lizards have moveable eyelids, eardrums are present and some species have a central parietal eye.","Lizards have moveable eyelids, eardrums are present and some species",has,have,have,-9.56687068939209,-9.414667129516602,have,True,0.15220355987548828
"The adults vary in length from 8 to 75 centimetres (3 to 30 inches) with the exception of Thomson's caecilian (Caecilia thompsoni), which can reach .","The adults vary in length from 8 to 75 centimetres (3 to 30 inches) with the exception of Thomson's caecilian (Caecilia thompsoni), which can",reach,reaches,reach,-9.414664268493652,-18.679027557373047,reach,True,9.264363288879395
"Gozo Shioda's Yoshinkan Aikido, considered one of the ""hard styles"", largely follows Ueshiba's teachings from before World War II, and surmises that the secret to lies in timing and the application of the whole body's strength to a single point.","Gozo Shioda's Yoshinkan Aikido, considered one of the ""hard styles"", largely",follow,follows,follows,-9.200976371765137,-18.35101890563965,follow,,-9.150042533874512
"Gozo Shioda's Yoshinkan Aikido, considered one of the ""hard styles"", largely follows Ueshiba's teachings from before World War II, and surmises that the secret to lies in timing and the application of the whole body's strength to a single point.","Gozo Shioda's Yoshinkan Aikido, considered one of the ""hard styles"", largely follows Ueshiba's teachings from before World War II, and surmises that the secret to",lie,lies,lies,-9.025461196899414,-9.072379112243652,lie,,-0.04691791534423828
"In one letter, she wrote: ""You are unbearable and burdensome, and very hard to live with; all your good qualities are overshadowed by your conceit, and made useless to the world simply because you cannot restrain your propensity to pick holes in other people.""","In one letter, she wrote: ""You are unbearable and burdensome, and very hard to live with; all your good qualities are overshadowed by your conceit, and made useless to the world simply because you cannot",restrains,restrain,restrain,-27.087058067321777,-18.060558319091797,restrain,True,9.02649974822998
"In Tarkovsky's last diary entry (15 December 1986), he wrote: ""But now I have no strength left   that is the problem"".","In Tarkovsky's last diary entry (15 December 1986), he wrote: ""But now I",has,have,have,-9.044108390808105,-8.960542678833008,have,True,0.08356571197509766
"He works to ensure that once those espousing Galt's philosophy are restored to their rightful place in society, they have enough capital to rebuild the world.","He works to ensure that once those espousing Galt's philosophy are restored to their rightful place in society, they",have,has,have,-9.127991676330566,-9.32002067565918,have,True,0.19202899932861328
"In his autobiography he wrote: ""this venture has been structured for three men, and I consider my third to be as necessary as either of the other two"".","In his autobiography he wrote: ""this venture has been structured for three men, and I",consider,considers,consider,-9.201947212219238,-19.01749038696289,consider,True,9.815543174743652
Variation in summer albedo across both forest types is associated with maximum rates of photosynthesis because plants with high growth capacity display a greater fraction of their foliage for direct interception of incoming radiation in the upper canopy.,Variation in summer albedo across both forest types is associated with maximum rates of photosynthesis because plants with high growth capacity,displays,display,display,-19.392934799194336,-9.532646179199219,display,True,9.860288619995117
"A play by Alexis from the 4th century BC mentions an abacus and pebbles for accounting, and both Diogenes and Polybius use the abacus as a metaphor for human behavior, stating ""that men that sometimes stood for more and sometimes for less"" like the pebbles on an abacus.","A play by Alexis from the 4th century BC mentions an abacus and pebbles for accounting, and both Diogenes and Polybius",use,uses,use,-8.83913516998291,-8.89711856842041,use,True,0.0579833984375
"In chapter seven, when the animals confess their non-existent crimes and are killed, Orwell directly alludes to the purges, confessions and show trials of the late 1930s.","In chapter seven, when the animals confess their non-existent crimes and are killed, Orwell directly",allude,alludes,alludes,-19.144350051879883,-19.395803451538086,allude,,-0.2514533996582031
"The illustrations contain many other objects beginning with that letter that the reader can try to identify (however, there are not necessarily ""a thousand things, or maybe more"", as the author states).",The illustrations contain many other objects beginning with that letter that the reader can,tries,try,try,-8.858744621276855,-8.61658000946045,try,True,0.24216461181640625
"The illustrations contain many other objects beginning with that letter that the reader can try to identify (however, there are not necessarily ""a thousand things, or maybe more"", as the author states).","The illustrations contain many other objects beginning with that letter that the reader can try to identify (however, there are not necessarily ""a thousand things, or maybe more"", as the author",states,state,states,-8.811043739318848,-8.800735473632812,state,,-0.010308265686035156
"This is because the outermost electron of the alkali metals is in a different electron shell than the inner electrons, and thus when it is removed the resulting atom has one fewer electron shell and is smaller.","This is because the outermost electron of the alkali metals is in a different electron shell than the inner electrons, and thus when it is removed the resulting atom",has,have,has,-8.90042781829834,-8.827162742614746,have,,-0.07326507568359375
The country's proximity to the Ionian Sea and the Adriatic Sea give the underdeveloped fishing industry great potential.,The country's proximity to the Ionian Sea and the Adriatic Sea,give,gives,give,-17.178207397460938,-17.62325096130371,give,True,0.44504356384277344
"Margaret Hamilton, the Director of Apollo Flight Computer Programming at the MIT Charles Stark Draper Laboratory later recalled: During the mission, the cause was diagnosed as the rendezvous radar switch being in the wrong position, causing the computer to process data from both the rendezvous and landing radars at the same time.","Margaret Hamilton, the Director of Apollo Flight Computer Programming at the MIT Charles Stark Draper Laboratory later recalled: During the mission, the cause was diagnosed as the rendezvous radar switch being in the wrong position, causing the computer to",process,processes,process,-19.30714225769043,-28.809768676757812,process,True,9.502626419067383
The struggles of the prey and further jaw movements work it inwards and the caecilian usually retreats into its burrow.,The struggles of the prey and further jaw movements work it inwards and the caecilian usually,retreat,retreats,retreats,-18.47185516357422,-27.591093063354492,retreat,,-9.119237899780273
"Societal and cultural aspects of autism have developed: some in the community seek a cure, while others believe that autism is simply another way of being.",Societal and cultural aspects of autism have developed: some in the community,seek,seeks,seek,-9.79440975189209,-19.810701370239258,seek,True,10.016291618347168
"Societal and cultural aspects of autism have developed: some in the community seek a cure, while others believe that autism is simply another way of being.","Societal and cultural aspects of autism have developed: some in the community seek a cure, while others",believe,believes,believe,-19.330839157104492,-19.335756301879883,believe,True,0.004917144775390625
"Football is governed in Andorra by the Andorran Football Federation   founded in 1994, it organizes the national competitions of association football (Primera Divisi, Copa Constituci and Supercopa) and futsal.","Football is governed in Andorra by the Andorran Football Federation   founded in 1994, it",organize,organizes,organizes,-17.259714126586914,-17.4404354095459,organize,,-0.18072128295898438
Einstein felt that the waves of arriving Jews of the Aliyah could live alongside existing Arabs in Palestine.,Einstein felt that the waves of arriving Jews of the Aliyah could,live,lives,live,-9.419272422790527,-17.905689239501953,live,True,8.486416816711426
"Each egg has a large yolk sac and the larva feeds on this while it develops inside the egg, emerging fully formed as a juvenile salamander.",Each egg has a large yolk sac and the larva,feeds,feed,feeds,-17.686092376708984,-17.61042022705078,feed,,-0.07567214965820312
"Each egg has a large yolk sac and the larva feeds on this while it develops inside the egg, emerging fully formed as a juvenile salamander.",Each egg has a large yolk sac and the larva feeds on this while it,develops,develop,develops,-17.6258602142334,-8.855451583862305,develop,,-8.770408630371094
"The invasion kept going, and in 1057 the Arabs spread on the high plains of Constantine where they encircled the Qalaa of Banu Hammad (capital of the Hammadid Emirate), as they had done in Kairouan a few decades ago.","The invasion kept going, and in 1057 the Arabs",spread,spreads,spread,-18.79524040222168,-27.96481990814209,spread,True,9.16957950592041
"However the Indo-European component of Apollo does not explain his strong relation with omens, exorcisms, and with the oracular cult.",However the Indo-European component of Apollo does not,explains,explain,explain,-18.992021560668945,-18.866531372070312,explain,True,0.1254901885986328
"In the wider sense, an alphabet is a script that is segmental at the phoneme level that is, it has separate glyphs for individual sounds and not for larger units such as syllables or words.","In the wider sense, an alphabet is a script that is segmental at the phoneme level that is, it",has,have,has,-8.584376335144043,-8.38863754272461,have,,-0.1957387924194336
"However, they cover different concepts: Agriculture is the set of activities that transform the environment for the production of animals and plants for human use.","However, they cover different concepts: Agriculture is the set of activities that",transform,transforms,transform,-9.237210273742676,-17.988950729370117,transform,True,8.751740455627441
"By contrast, ceremonies honoring films that have not performed well at the box office tend to show weaker ratings, despite how much critical acclaim those films have received.","By contrast, ceremonies honoring films that have not performed well at the box office",tend,tends,tend,-18.36707305908203,-18.762174606323242,tend,True,0.39510154724121094
"The New Azerbaijan Party, and independents loyal to the ruling government, currently hold almost all of the Parliament's 125 seats.","The New Azerbaijan Party, and independents loyal to the ruling government, currently",hold,holds,hold,-9.870989799499512,-19.596477508544922,hold,True,9.72548770904541
"It is long known that aquifers in areas as diverse as northern China, the Upper Ganges and the western US are being depleted, and new research extends these problems to aquifers in Iran, Mexico and Saudi Arabia.","It is long known that aquifers in areas as diverse as northern China, the Upper Ganges and the western US are being depleted, and new research",extend,extends,extends,-26.698396682739258,-26.925375938415527,extend,,-0.22697925567626953
"Many of its young people, including most of the highest academic achievers, leave the state after high school graduation and do not return.","Many of its young people, including most of the highest academic achievers,",leaves,leave,leave,-17.329601287841797,-8.7996244430542,leave,True,8.529976844787598
"Although mainstream physics long ignored Einstein's approaches to unification, Einstein's work has motivated modern quests for a theory of everything, in particular string theory, where geometrical fields emerge in a unified quantum-mechanical setting.","Although mainstream physics long ignored Einstein's approaches to unification, Einstein's work has motivated modern quests for a theory of everything, in particular string theory, where geometrical fields",emerges,emerge,emerge,-28.028108596801758,-27.7840633392334,emerge,True,0.24404525756835938
"After the completion of the Trans Adriatic Pipeline (TAP), Albania will be significantly connected to the planned Southern Gas Corridor, that will transport natural gas from the Caspian Sea through Albania to Europe.","After the completion of the Trans Adriatic Pipeline (TAP), Albania will be significantly connected to the planned Southern Gas Corridor, that will",transports,transport,transport,-18.042985916137695,-17.93558120727539,transport,True,0.10740470886230469
"The robot expresses its face by moving all points to the decided positions, they say.","The robot expresses its face by moving all points to the decided positions, they",say,says,say,-9.568387985229492,-18.906795501708984,say,True,9.338407516479492
"Einstein declined, and wrote in his response that he was ""deeply moved"", and ""at once saddened and ashamed"" that he could not accept it.","Einstein declined, and wrote in his response that he was ""deeply moved"", and ""at once saddened and ashamed"" that he could not",accept,accepts,accept,-8.91372299194336,-17.785940170288086,accept,True,8.872217178344727
"Much of its shock value derives from the fact that the first portion of the essay describes the plight of starving beggars in Ireland, so that the reader is unprepared for the surprise of Swift's solution when he states: ""A young healthy child well nursed, is, at a year old, a most delicious nourishing and wholesome food, whether stewed, roasted, baked, or boiled; and I make no doubt that it will equally serve in a fricassee, or a ragout.""",Much of its shock value derives from the fact that the first portion of the essay,describes,describe,describes,-19.79059600830078,-19.676679611206055,describe,,-0.11391639709472656
"Much of its shock value derives from the fact that the first portion of the essay describes the plight of starving beggars in Ireland, so that the reader is unprepared for the surprise of Swift's solution when he states: ""A young healthy child well nursed, is, at a year old, a most delicious nourishing and wholesome food, whether stewed, roasted, baked, or boiled; and I make no doubt that it will equally serve in a fricassee, or a ragout.""","Much of its shock value derives from the fact that the first portion of the essay describes the plight of starving beggars in Ireland, so that the reader is unprepared for the surprise of Swift's solution when he",states,state,states,-9.700798034667969,-9.697874069213867,state,,-0.0029239654541015625
"Much of its shock value derives from the fact that the first portion of the essay describes the plight of starving beggars in Ireland, so that the reader is unprepared for the surprise of Swift's solution when he states: ""A young healthy child well nursed, is, at a year old, a most delicious nourishing and wholesome food, whether stewed, roasted, baked, or boiled; and I make no doubt that it will equally serve in a fricassee, or a ragout.""","Much of its shock value derives from the fact that the first portion of the essay describes the plight of starving beggars in Ireland, so that the reader is unprepared for the surprise of Swift's solution when he states: ""A young healthy child well nursed, is, at a year old, a most delicious nourishing and wholesome food, whether stewed, roasted, baked, or boiled; and I",makes,make,make,-9.623448371887207,-9.602254867553711,make,True,0.021193504333496094
"Much of its shock value derives from the fact that the first portion of the essay describes the plight of starving beggars in Ireland, so that the reader is unprepared for the surprise of Swift's solution when he states: ""A young healthy child well nursed, is, at a year old, a most delicious nourishing and wholesome food, whether stewed, roasted, baked, or boiled; and I make no doubt that it will equally serve in a fricassee, or a ragout.""","Much of its shock value derives from the fact that the first portion of the essay describes the plight of starving beggars in Ireland, so that the reader is unprepared for the surprise of Swift's solution when he states: ""A young healthy child well nursed, is, at a year old, a most delicious nourishing and wholesome food, whether stewed, roasted, baked, or boiled; and I make no doubt that it will equally",serves,serve,serve,-18.826969146728516,-18.852706909179688,serves,,-0.025737762451171875
"Although historians generally agree that the Articles were too weak to hold the fast-growing nation together, they do give credit to the settlement of the western issue, as the states voluntarily turned over their lands to national control.","Although historians generally agree that the Articles were too weak to hold the fast-growing nation together, they do",gives,give,give,-8.957457542419434,-8.89741325378418,give,True,0.060044288635253906
R.S. Owens is expected to continue producing other awards for the Academy and service existing Oscars that need replating.,R.S. Owens is expected to continue producing other awards for the Academy and service existing Oscars that,needs,need,need,-9.17451286315918,-9.220104217529297,needs,,-0.04559135437011719
"The uneven heating of Earth from albedo variations between land, ice, or ocean surfaces can drive weather.","The uneven heating of Earth from albedo variations between land, ice, or ocean surfaces can",drives,drive,drive,-19.429269790649414,-10.034684181213379,drive,True,9.394585609436035
"With their demotion from a primary branch, Proto-Mon Khmer becomes synonymous with Proto-Austroasiatic.","With their demotion from a primary branch, Proto-Mon Khmer",become,becomes,becomes,-18.487295150756836,-18.509307861328125,become,,-0.022012710571289062
"(However, Napoleon had in fact engineered the sale of Boxer to the knacker, allowing him and his inner circle to acquire money to buy whisky for themselves.)","(However, Napoleon had in fact engineered the sale of Boxer to the knacker, allowing him and his inner circle to",acquire,acquires,acquire,-19.127967834472656,-19.781770706176758,acquire,True,0.6538028717041016
"The Dietary Reference Intake for sodium is 1.5 grams per day, but most people in the United States consume more than 2.3 grams per day, the minimum amount that promotes hypertension; this in turn causes 7.6 million premature deaths worldwide.","The Dietary Reference Intake for sodium is 1.5 grams per day, but most people in the United States",consume,consumes,consume,-20.745040893554688,-20.660058975219727,consumes,,-0.08498191833496094
"The Dietary Reference Intake for sodium is 1.5 grams per day, but most people in the United States consume more than 2.3 grams per day, the minimum amount that promotes hypertension; this in turn causes 7.6 million premature deaths worldwide.","The Dietary Reference Intake for sodium is 1.5 grams per day, but most people in the United States consume more than 2.3 grams per day, the minimum amount that",promote,promotes,promotes,-19.675823211669922,-19.638092041015625,promotes,True,0.037731170654296875
"The Dietary Reference Intake for sodium is 1.5 grams per day, but most people in the United States consume more than 2.3 grams per day, the minimum amount that promotes hypertension; this in turn causes 7.6 million premature deaths worldwide.","The Dietary Reference Intake for sodium is 1.5 grams per day, but most people in the United States consume more than 2.3 grams per day, the minimum amount that promotes hypertension; this in turn",cause,causes,causes,-9.990582466125488,-19.755462646484375,cause,,-9.764880180358887
"The Catholic Church and some major Protestant denominations mostly keep to themselves in contrast to the ""New Churches"" which actively proselytize.","The Catholic Church and some major Protestant denominations mostly keep to themselves in contrast to the ""New Churches"" which actively",proselytize,proselytizes,proselytize,-43.49349021911621,-43.90371322631836,proselytize,True,0.41022300720214844
"While that national dichotomy has stymied any effort at changing the tradition of the national anthem, ""America the Beautiful"" continues to be held in high esteem by a large number of Americans, and was even being considered before 1931 as a candidate to become the national anthem of the United States.","While that national dichotomy has stymied any effort at changing the tradition of the national anthem, ""America the Beautiful""",continue,continues,continues,-9.582079887390137,-18.944435119628906,continue,,-9.36235523223877
"Temperatures tend to be warmer in the southern part of the state with its proximity to the Gulf of Mexico, while the northern parts of the state, especially in the Appalachian Mountains in the northeast, tend to be slightly cooler.","Temperatures tend to be warmer in the southern part of the state with its proximity to the Gulf of Mexico, while the northern parts of the state, especially in the Appalachian Mountains in the northeast,",tend,tends,tend,-17.98030662536621,-18.06103515625,tend,True,0.08072853088378906
Screen readers are used to help the visually impaired to easily access electronic information.,Screen readers are used to help the visually impaired to easily,accesses,access,access,-20.321285247802734,-10.393860816955566,access,True,9.927424430847168
The fixed-effects model (class I) of analysis of variance applies to situations in which the experimenter applies one or more treatments to the subjects of the experiment to see whether the response variable values change.,The fixed-effects model (class I) of analysis of variance,apply,applies,applies,-10.059959411621094,-19.675935745239258,apply,,-9.615976333618164
The fixed-effects model (class I) of analysis of variance applies to situations in which the experimenter applies one or more treatments to the subjects of the experiment to see whether the response variable values change.,The fixed-effects model (class I) of analysis of variance applies to situations in which the experimenter,applies,apply,applies,-19.378767013549805,-9.735487937927246,apply,,-9.643279075622559
The fixed-effects model (class I) of analysis of variance applies to situations in which the experimenter applies one or more treatments to the subjects of the experiment to see whether the response variable values change.,The fixed-effects model (class I) of analysis of variance applies to situations in which the experimenter applies one or more treatments to the subjects of the experiment to see whether the response variable values,change,changes,change,-9.337998390197754,-9.383164405822754,change,True,0.045166015625
"Benjamin   A donkey, one of the oldest, wisest animals on the farm, and one of the few who can read properly.","Benjamin   A donkey, one of the oldest, wisest animals on the farm, and one of the few who can",read,reads,read,-8.461736679077148,-8.555384635925293,read,True,0.09364795684814453
A titration curve for a diprotic acid contains two midpoints where pH=pKa.,A titration curve for a diprotic acid contains two midpoints where pH,=,=,=,-9.501047134399414,-9.501047134399414,=,True,0.0
"To protect Einstein, Locker-Lampson had two bodyguards watch over him at his secluded cabin; a photo of them carrying shotguns and guarding Einstein was published in the Daily Herald on 24 July 1933.","To protect Einstein, Locker-Lampson had two bodyguards",watch,watches,watch,-9.412565231323242,-19.184810638427734,watch,True,9.772245407104492
"The Apollo 8 crew were the first humans to pass through the Van Allen radiation belts, which extend up to from Earth.","The Apollo 8 crew were the first humans to pass through the Van Allen radiation belts, which",extend,extends,extend,-28.25354290008545,-28.48887062072754,extend,True,0.23532772064208984
It is unclear if costly signaling can indicate a long-term cooperative personality but people have increased trust for those who help.,It is unclear if costly signaling can indicate a long-term cooperative personality but people have increased trust for those who,helps,help,help,-9.739848136901855,-9.767129898071289,helps,,-0.027281761169433594
"Words, even the pregnant words of poets, do not evoke pictures in my mind.","Words, even the pregnant words of poets, do not",evokes,evoke,evoke,-18.981746673583984,-18.367469787597656,evoke,True,0.6142768859863281
"On average, the Atlantic is the saltiest major ocean; surface water salinity in the open ocean ranges from 33 to 37 parts per thousand (3.3 3.7%) by mass and varies with latitude and season.","On average, the Atlantic is the saltiest major ocean; surface water salinity in the open ocean",range,ranges,ranges,-9.16807746887207,-18.502656936645508,range,,-9.334579467773438
"Amateur astronomers typically view the sky at night, when most celestial objects and astronomical events are visible, but others observe during the daytime by viewing the Sun and solar eclipses.","Amateur astronomers typically view the sky at night, when most celestial objects and astronomical events are visible, but others",observes,observe,observe,-29.179676055908203,-29.007073402404785,observe,True,0.17260265350341797
"Furthermore, Sonangol, the state-run oil company, controls 51% of Cabinda's oil.","Furthermore, Sonangol, the state-run oil company,",control,controls,controls,-9.04028034210205,-17.932029724121094,control,,-8.891749382019043
"However, it would require all data transmission to send eight bits when seven could suffice.","However, it would require all data transmission to send eight bits when seven could",suffices,suffice,suffice,-18.726259231567383,-18.31757926940918,suffice,True,0.4086799621582031
"It is the culmination of the film awards season, which usually begins during November or December of the previous year.","It is the culmination of the film awards season, which usually",begins,begin,begins,-18.173263549804688,-9.068453788757324,begin,,-9.104809761047363
"Due to measurement constraints, it is often given for the spectrum in which most solar energy reaches the surface (between 0.3 and 3 m).","Due to measurement constraints, it is often given for the spectrum in which most solar energy",reaches,reach,reaches,-18.054489135742188,-9.149517059326172,reach,,-8.904972076416016
"""There was, in the father's life, some dark and vague source of fear which later made him hurl himself to his death from the attic of his house in Hamburg.""","""There was, in the father's life, some dark and vague source of fear which later made him",hurls,hurl,hurl,-26.011839866638184,-17.393360137939453,hurl,True,8.61847972869873
"Other connections that writers have suggested illustrate Orwell's telescoping of Russian history from 1917 to 1943 include the wave of rebelliousness that ran through the countryside after the Rebellion, which stands for the abortive revolutions in Hungary and in Germany (Ch IV); the conflict between Napoleon and Snowball (Ch V), parallelling ""the two rival and quasi-Messianic beliefs that seemed pitted against one another: Trotskyism, with its faith in the revolutionary vocation of the proletariat of the West; and Stalinism with its glorification of Russia's socialist destiny""; Napoleon's dealings with Whymper and the Willingdon markets (Ch VI), paralleling the Treaty of Rapallo; and Frederick's forged bank notes, parallelling the Hitler-Stalin pact of August 1939, after which Frederick attacks Animal Farm without warning and destroys the windmill.",Other connections that writers have suggested illustrate Orwell's telescoping of Russian history from 1917 to 1943,include,includes,include,-9.777861595153809,-9.681120872497559,includes,,-0.09674072265625
"Other connections that writers have suggested illustrate Orwell's telescoping of Russian history from 1917 to 1943 include the wave of rebelliousness that ran through the countryside after the Rebellion, which stands for the abortive revolutions in Hungary and in Germany (Ch IV); the conflict between Napoleon and Snowball (Ch V), parallelling ""the two rival and quasi-Messianic beliefs that seemed pitted against one another: Trotskyism, with its faith in the revolutionary vocation of the proletariat of the West; and Stalinism with its glorification of Russia's socialist destiny""; Napoleon's dealings with Whymper and the Willingdon markets (Ch VI), paralleling the Treaty of Rapallo; and Frederick's forged bank notes, parallelling the Hitler-Stalin pact of August 1939, after which Frederick attacks Animal Farm without warning and destroys the windmill.","Other connections that writers have suggested illustrate Orwell's telescoping of Russian history from 1917 to 1943 include the wave of rebelliousness that ran through the countryside after the Rebellion, which",stands,stand,stands,-18.786680221557617,-9.422527313232422,stand,,-9.364152908325195
"Other connections that writers have suggested illustrate Orwell's telescoping of Russian history from 1917 to 1943 include the wave of rebelliousness that ran through the countryside after the Rebellion, which stands for the abortive revolutions in Hungary and in Germany (Ch IV); the conflict between Napoleon and Snowball (Ch V), parallelling ""the two rival and quasi-Messianic beliefs that seemed pitted against one another: Trotskyism, with its faith in the revolutionary vocation of the proletariat of the West; and Stalinism with its glorification of Russia's socialist destiny""; Napoleon's dealings with Whymper and the Willingdon markets (Ch VI), paralleling the Treaty of Rapallo; and Frederick's forged bank notes, parallelling the Hitler-Stalin pact of August 1939, after which Frederick attacks Animal Farm without warning and destroys the windmill.","Other connections that writers have suggested illustrate Orwell's telescoping of Russian history from 1917 to 1943 include the wave of rebelliousness that ran through the countryside after the Rebellion, which stands for the abortive revolutions in Hungary and in Germany (Ch IV); the conflict between Napoleon and Snowball (Ch V), parallelling ""the two rival and quasi-Messianic beliefs that seemed pitted against one another: Trotskyism, with its faith in the revolutionary vocation of the proletariat of the West; and Stalinism with its glorification of Russia's socialist destiny""; Napoleon's dealings with Whymper and the Willingdon markets (Ch VI), paralleling the Treaty of Rapallo; and Frederick's forged bank notes, parallelling the Hitler-Stalin pact of August 1939, after which Frederick",attacks,attack,attacks,-9.543723106384277,-9.539122581481934,attack,,-0.00460052490234375
"An Arrhenius acid is a substance that, when added to water, increases the concentration of H+ ions in the water.","An Arrhenius acid is a substance that, when added to water,",increases,increase,increases,-17.19223976135254,-17.148521423339844,increase,,-0.04371833801269531
"In contrast, if the entire Earth was covered by water   a so-called ocean planet   the average temperature on the planet would rise to almost .","In contrast, if the entire Earth was covered by water   a so-called ocean planet   the average temperature on the planet would",rises,rise,rise,-9.053646087646484,-8.900755882263184,rise,True,0.15289020538330078
"Angry at the dishonour of having his plunder and glory taken away (and, as he says later, because he loves Briseis), with the urging of his mother Thetis, Achilles refuses to fight or lead his troops alongside the other Greek forces.","Angry at the dishonour of having his plunder and glory taken away (and, as he",say,says,says,-9.3892183303833,-9.514371871948242,say,,-0.1251535415649414
"Angry at the dishonour of having his plunder and glory taken away (and, as he says later, because he loves Briseis), with the urging of his mother Thetis, Achilles refuses to fight or lead his troops alongside the other Greek forces.","Angry at the dishonour of having his plunder and glory taken away (and, as he says later, because he",loves,love,loves,-9.393540382385254,-9.224928855895996,love,,-0.1686115264892578
"Angry at the dishonour of having his plunder and glory taken away (and, as he says later, because he loves Briseis), with the urging of his mother Thetis, Achilles refuses to fight or lead his troops alongside the other Greek forces.","Angry at the dishonour of having his plunder and glory taken away (and, as he says later, because he loves Briseis), with the urging of his mother Thetis, Achilles",refuses,refuse,refuses,-18.925296783447266,-18.87163734436035,refuse,,-0.05365943908691406
"Some prefer ""America the Beautiful"" over ""The Star-Spangled Banner"" due to the latter's war-oriented imagery; others prefer ""The Star-Spangled Banner"" for the same reason.","Some prefer ""America the Beautiful"" over ""The Star-Spangled Banner"" due to the latter's war-oriented imagery; others",prefer,prefers,prefer,-19.291318893432617,-28.43795871734619,prefer,True,9.146639823913574
"Some frogs and toads inflate themselves to make themselves look large and fierce, and some spadefoot toads (Pelobates spp) scream and leap towards the attacker.","Some frogs and toads inflate themselves to make themselves look large and fierce, and some spadefoot toads (Pelobates spp)",scream,screams,scream,-18.021835327148438,-26.956626892089844,scream,True,8.934791564941406
"However, a few vertebrates, such as the sturgeon and the coelacanth retain the notochord into adulthood.","However, a few vertebrates, such as the sturgeon and the coelacanth",retains,retain,retain,-17.96519660949707,-17.788663864135742,retain,True,0.17653274536132812
"Achilles even engages in battle with the river god Scamander, who has become angry that Achilles is choking his waters with all the men he has killed.","Achilles even engages in battle with the river god Scamander, who has",become,becomes,become,-18.01740074157715,-18.165996551513672,become,True,0.14859580993652344
The National Institute for Occupational Safety and Health (NIOSH) has set a recommended exposure limit of 5 mg/m3 over a 15-minute period.,The National Institute for Occupational Safety and Health (NIOSH) has,set,sets,set,-9.518805503845215,-9.721165657043457,set,True,0.2023601531982422
"With regard to the bystander effect, studies have shown that emergencies deemed ambiguous trigger the appearance of the classic bystander effect (wherein more witnesses decrease the likelihood of any of them helping) far more than non-ambiguous emergencies.","With regard to the bystander effect, studies have shown that emergencies deemed ambiguous",trigger,triggers,trigger,-37.65400695800781,-47.010512351989746,trigger,True,9.356505393981934
"With regard to the bystander effect, studies have shown that emergencies deemed ambiguous trigger the appearance of the classic bystander effect (wherein more witnesses decrease the likelihood of any of them helping) far more than non-ambiguous emergencies.","With regard to the bystander effect, studies have shown that emergencies deemed ambiguous trigger the appearance of the classic bystander effect (wherein more witnesses",decreases,decrease,decrease,-29.028179168701172,-28.792505264282227,decrease,True,0.2356739044189453
"Although this is not strictly necessary and is not part of the IUPAC naming system, the usage is still common in cases where one wishes to emphasize or distinguish between the straight-chain and branched-chain isomers, e.g., ""n-butane"" rather than simply ""butane"" to differentiate it from isobutane.","Although this is not strictly necessary and is not part of the IUPAC naming system, the usage is still common in cases where one",wish,wishes,wishes,-16.42548370361328,-16.58988380432129,wish,,-0.1644001007080078
The Gibraltar Arc in the western Mediterranean is migrating westward into the Central Atlantic where it joins the converging African and Eurasian plates.,The Gibraltar Arc in the western Mediterranean is migrating westward into the Central Atlantic where it,joins,join,joins,-18.229284286499023,-9.280293464660645,join,,-8.948990821838379
"Besides major transatlantic transportation and communication routes, the Atlantic offers abundant petroleum deposits in the sedimentary rocks of the continental shelves.","Besides major transatlantic transportation and communication routes, the Atlantic",offers,offer,offers,-20.51314353942871,-10.67263412475586,offer,,-9.840509414672852
"The alkalide anions have filled s-subshells, which gives them enough stability to exist.","The alkalide anions have filled s-subshells, which",give,gives,gives,-9.088461875915527,-17.8211612701416,give,,-8.732699394226074
"Snow also falls on the coastal areas in the southwest almost every winter such as in the Ceraunian Mountains, where it can lie even beyond March.","Snow also falls on the coastal areas in the southwest almost every winter such as in the Ceraunian Mountains, where it can",lies,lie,lie,-8.744240760803223,-8.651355743408203,lie,True,0.09288501739501953
An exception is the granular poison frog (Oophaga granulifera) where the male and female place their cloacae in close proximity while facing in opposite directions and then release eggs and sperm simultaneously.,An exception is the granular poison frog (Oophaga granulifera) where the male and female,place,places,place,-9.096146583557129,-9.26268482208252,place,True,0.16653823852539062
"Throughout the 1850s, Lincoln had doubted the prospects of civil war, and his supporters rejected claims that his election would incite secession.","Throughout the 1850s, Lincoln had doubted the prospects of civil war, and his supporters rejected claims that his election would",incite,incites,incite,-18.445436477661133,-18.278335571289062,incites,,-0.1671009063720703
Presidential speech writer William Safire had prepared an In Event of Moon Disaster announcement for Nixon to read in the event the Apollo 11 astronauts were stranded on the Moon.,Presidential speech writer William Safire had prepared an In Event of Moon Disaster announcement for Nixon to,reads,read,read,-10.171731948852539,-10.113633155822754,read,True,0.058098793029785156
"While live-action films are now also storyboarded, they enjoy more latitude to depart from storyboards (i.e., real-time improvisation).","While live-action films are now also storyboarded, they",enjoy,enjoys,enjoy,-16.91119956970215,-25.18662929534912,enjoy,True,8.275429725646973
"Upon heating of KC8, the elimination of potassium atoms results in the conversion in sequence to KC24, KC36, KC48 and finally KC60.","Upon heating of KC8, the elimination of potassium atoms",result,results,results,-10.538065910339355,-10.747810363769531,result,,-0.20974445343017578
"Speaking of the treatment of slaves in the slave-holding states of the United States, he condemned ""those devils in human form, those bigoted, church-going, strict sabbath-observing scoundrels, especially the Anglican parsons among them"" for how they ""treat their innocent black brothers who through violence and injustice have fallen into their devil's claws"".","Speaking of the treatment of slaves in the slave-holding states of the United States, he condemned ""those devils in human form, those bigoted, church-going, strict sabbath-observing scoundrels, especially the Anglican parsons among them"" for how they """,treats,treat,treat,-28.49292755126953,-19.045785903930664,treat,True,9.447141647338867
"While Alabama's public education system has improved in recent decades, it lags behind in achievement compared to other states.","While Alabama's public education system has improved in recent decades, it",lags,lag,lags,-17.30721664428711,-8.963536262512207,lag,,-8.343680381774902
"Since apurva is non-sentient, it cannot act unless moved by an intelligent being such as a god.","Since apurva is non-sentient, it cannot",act,acts,act,-9.931792259216309,-10.398764610290527,act,True,0.46697235107421875
"He notes that an animal's structure is well matched to function, so, among birds, the heron, which lives in marshes with soft mud and lives by catching fish, has a long neck and long legs, and a sharp spear-like beak, whereas ducks that swim have short legs and webbed feet.","He notes that an animal's structure is well matched to function, so, among birds, the heron, which lives in marshes with soft mud and lives by catching fish,",has,have,has,-9.206457138061523,-9.100895881652832,have,,-0.1055612564086914
"He notes that an animal's structure is well matched to function, so, among birds, the heron, which lives in marshes with soft mud and lives by catching fish, has a long neck and long legs, and a sharp spear-like beak, whereas ducks that swim have short legs and webbed feet.","He notes that an animal's structure is well matched to function, so, among birds, the heron, which",lives,live,lives,-17.294187545776367,-8.928149223327637,live,,-8.36603832244873
"He notes that an animal's structure is well matched to function, so, among birds, the heron, which lives in marshes with soft mud and lives by catching fish, has a long neck and long legs, and a sharp spear-like beak, whereas ducks that swim have short legs and webbed feet.","He notes that an animal's structure is well matched to function, so, among birds, the heron, which lives in marshes with soft mud and lives by catching fish, has a long neck and long legs, and a sharp spear-like beak, whereas ducks that swim",has,have,have,-9.064299583435059,-8.996430397033691,have,True,0.06786918640136719
"He notes that an animal's structure is well matched to function, so, among birds, the heron, which lives in marshes with soft mud and lives by catching fish, has a long neck and long legs, and a sharp spear-like beak, whereas ducks that swim have short legs and webbed feet.","He notes that an animal's structure is well matched to function, so, among birds, the heron, which lives in marshes with soft mud and lives by catching fish, has a long neck and long legs, and a sharp spear-like beak, whereas ducks that",swim,swims,swim,-17.849239349365234,-18.022077560424805,swim,True,0.1728382110595703
"Social anthropology studies patterns of behaviour, while cultural anthropology studies cultural meaning, including norms and values.","Social anthropology studies patterns of behaviour, while cultural anthropology",study,studies,studies,-9.892106056213379,-20.16771125793457,study,,-10.275605201721191
The total he had carried was a tenth of the amount that the Saturn V would burn every second.,The total he had carried was a tenth of the amount that the Saturn V would,burns,burn,burn,-16.782278060913086,-8.39791202545166,burn,True,8.384366035461426
"The conflict began when the IPIB Synod, in 1938, recognized the existence of different positions within the denomination regarding Annihilationism and eternal punishment and appointed a commission to draft a new confession, which would replace the Westminster Confession of Faith hitherto adopted by the denomination.","The conflict began when the IPIB Synod, in 1938, recognized the existence of different positions within the denomination regarding Annihilationism and eternal punishment and appointed a commission to draft a new confession, which would",replace,replaces,replace,-9.563141822814941,-19.06678581237793,replace,True,9.503643989562988
"The appellate court will typically be deferential to the lower court's findings of fact (such as whether a defendant committed a particular act), unless clearly erroneous, and so will focus on the court's application of the law to those facts (such as whether the act found by the court to have occurred fits a legal definition at issue).","The appellate court will typically be deferential to the lower court's findings of fact (such as whether a defendant committed a particular act), unless clearly erroneous, and so will focus on the court's application of the law to those facts (such as whether the act found by the court to have occurred",fits,fit,fits,-9.05746078491211,-9.113309860229492,fits,True,0.05584907531738281
"Potassium superoxide is used in breathing masks, as it reacts with carbon dioxide to give potassium carbonate and oxygen gas.","Potassium superoxide is used in breathing masks, as it",reacts,react,reacts,-19.708362579345703,-10.05303955078125,react,,-9.655323028564453
A Supreme Court serves as the appellate tribunal; a Constitutional Court does not hold the powers of judicial review.,A Supreme Court serves as the appellate tribunal; a Constitutional Court does not,hold,holds,hold,-9.08304214477539,-18.01932716369629,hold,True,8.936285018920898
"Adepts believed in the macrocosm-microcosm theories of Hermes, that is to say, they believed that processes that affect minerals and other substances could have an effect on the human body (for example, if one could learn the secret of purifying gold, one could use the technique to purify the human soul).","Adepts believed in the macrocosm-microcosm theories of Hermes, that is to say, they believed that processes that affect minerals and other substances could",has,have,have,-9.172074317932129,-9.023630142211914,have,True,0.14844417572021484
"Adepts believed in the macrocosm-microcosm theories of Hermes, that is to say, they believed that processes that affect minerals and other substances could have an effect on the human body (for example, if one could learn the secret of purifying gold, one could use the technique to purify the human soul).","Adepts believed in the macrocosm-microcosm theories of Hermes, that is to say, they believed that processes that",affect,affects,affect,-17.487783432006836,-26.24941921234131,affect,True,8.761635780334473
"Adepts believed in the macrocosm-microcosm theories of Hermes, that is to say, they believed that processes that affect minerals and other substances could have an effect on the human body (for example, if one could learn the secret of purifying gold, one could use the technique to purify the human soul).","Adepts believed in the macrocosm-microcosm theories of Hermes, that is to say, they believed that processes that affect minerals and other substances could have an effect on the human body (for example, if one could",learn,learns,learn,-8.799983024597168,-17.54344367980957,learn,True,8.743460655212402
"Adepts believed in the macrocosm-microcosm theories of Hermes, that is to say, they believed that processes that affect minerals and other substances could have an effect on the human body (for example, if one could learn the secret of purifying gold, one could use the technique to purify the human soul).","Adepts believed in the macrocosm-microcosm theories of Hermes, that is to say, they believed that processes that affect minerals and other substances could have an effect on the human body (for example, if one could learn the secret of purifying gold, one could",uses,use,use,-8.803404808044434,-8.765059471130371,use,True,0.0383453369140625
"As a result, his philosophy has exerted a unique influence on almost every form of knowledge in the West and it continues to be a subject of contemporary philosophical discussion.","As a result, his philosophy has exerted a unique influence on almost every form of knowledge in the West and it",continues,continue,continues,-17.057287216186523,-8.531878471374512,continue,,-8.525408744812012
"The latter are predicated upon social relationships, whilst altruism does not consider relationships.","The latter are predicated upon social relationships, whilst altruism does not",considers,consider,consider,-19.570022583007812,-9.426558494567871,consider,True,10.143464088439941
"Daniel Eagan of Film Journal International described Dwan as one of the early pioneers of cinema, stating that his style ""is so basic as to seem invisible, but he treats his characters with uncommon sympathy and compassion.""","Daniel Eagan of Film Journal International described Dwan as one of the early pioneers of cinema, stating that his style ""is so basic as to seem invisible, but he",treat,treats,treats,-17.870628356933594,-26.735838890075684,treat,,-8.86521053314209
"Dostum's forces were defeated by the Taliban during the Battles of Mazar-i-Sharif in 1997 and 1998; Pakistan's Chief of Army Staff, Pervez Musharraf, began sending thousands of Pakistanis to help the Taliban defeat the Northern Alliance.","Dostum's forces were defeated by the Taliban during the Battles of Mazar-i-Sharif in 1997 and 1998; Pakistan's Chief of Army Staff, Pervez Musharraf, began sending thousands of Pakistanis to help the Taliban",defeats,defeat,defeat,-28.154273986816406,-27.810490608215332,defeat,True,0.3437833786010742
"There is ongoing discussion regarding the labeling of foods made from GMOs, and while the EU currently requires all GMO foods to be labeled, the US does not.","There is ongoing discussion regarding the labeling of foods made from GMOs, and while the EU currently",require,requires,requires,-9.870306015014648,-9.871665954589844,require,,-0.0013599395751953125
"There is ongoing discussion regarding the labeling of foods made from GMOs, and while the EU currently requires all GMO foods to be labeled, the US does not.","There is ongoing discussion regarding the labeling of foods made from GMOs, and while the EU currently requires all GMO foods to be labeled, the US",do,does,does,-9.735687255859375,-9.837690353393555,do,,-0.10200309753417969
"Even more importantly, forward compatibility is ensured as software that recognizes only 7-bit ASCII characters as special and does not alter bytes with the highest bit set (as is often done to support 8-bit ASCII extensions such as ISO-8859-1) will preserve UTF-8 data unchanged.","Even more importantly, forward compatibility is ensured as software that recognizes only 7-bit ASCII characters as special and does not alter bytes with the highest bit set (as is often done to support 8-bit ASCII extensions such as ISO-8859-1) will",preserves,preserve,preserve,-18.786849975585938,-18.730792999267578,preserve,True,0.056056976318359375
"Even more importantly, forward compatibility is ensured as software that recognizes only 7-bit ASCII characters as special and does not alter bytes with the highest bit set (as is often done to support 8-bit ASCII extensions such as ISO-8859-1) will preserve UTF-8 data unchanged.","Even more importantly, forward compatibility is ensured as software that",recognizes,recognize,recognizes,-20.440738677978516,-19.991939544677734,recognize,,-0.44879913330078125
"The treatises of Zosimos of Panopolis, the earliest historically attested author (fl. c. 300 CE), can help in situating the other authors.","The treatises of Zosimos of Panopolis, the earliest historically attested author (fl. c. 300 CE), can",helps,help,help,-9.13798999786377,-9.152437210083008,helps,,-0.014447212219238281
This response is mostly secondary because salamanders have been observed to remain stationary near odoriferous prey but only feed if it moves.,This response is mostly secondary because salamanders have been observed to remain stationary near odoriferous prey but only feed if it,moves,move,moves,-17.514572143554688,-8.757259368896484,move,,-8.757312774658203
"Sometimes, the appellate court finds a defect in the procedure the parties used in filing the appeal and dismisses the appeal without considering its merits, which has the same effect as affirming the judgment below.","Sometimes, the appellate court finds a defect in the procedure the parties used in filing the appeal and dismisses the appeal without considering its merits, which",have,has,has,-9.627921104431152,-9.736602783203125,have,,-0.10868167877197266
"Second, the heat generated by the first part of the reaction often ignites the hydrogen gas, causing it to burn explosively into the surrounding air.","Second, the heat generated by the first part of the reaction often",ignite,ignites,ignites,-17.96674919128418,-17.900163650512695,ignites,True,0.06658554077148438
"Second, the heat generated by the first part of the reaction often ignites the hydrogen gas, causing it to burn explosively into the surrounding air.","Second, the heat generated by the first part of the reaction often ignites the hydrogen gas, causing it to",burn,burns,burn,-9.124265670776367,-18.16843032836914,burn,True,9.044164657592773
Synthetic fertilizers are more heavily relied upon for crop production and manure use becomes a challenge as well as a source for pollution.,Synthetic fertilizers are more heavily relied upon for crop production and manure use,becomes,become,becomes,-19.886011123657227,-19.618619918823242,become,,-0.2673912048339844
"At the onset of his duel with Hector, Achilles is referred to as the brightest star in the sky, which comes on in the autumn, Orion's dog (Sirius); a sign of evil.","At the onset of his duel with Hector, Achilles is referred to as the brightest star in the sky, which",comes,come,comes,-9.406667709350586,-9.519025802612305,comes,True,0.11235809326171875
"Anarchism's emphasis on anti-capitalism, egalitarianism, and for the extension of community and individuality sets it apart from anarcho-capitalism and other types of economic libertarianism.","Anarchism's emphasis on anti-capitalism, egalitarianism, and for the extension of community and individuality",sets,set,sets,-9.374698638916016,-9.221098899841309,set,,-0.15359973907470703
Congress was denied any powers of taxation: it could only request money from the states.,Congress was denied any powers of taxation: it could only,request,requests,request,-9.409802436828613,-18.68958854675293,request,True,9.279786109924316
In line with the western tradition of rodeo are the cultural artisans that reside and create unique Alberta western heritage crafts.,In line with the western tradition of rodeo are the cultural artisans that,resides,reside,reside,-17.49662971496582,-17.16815757751465,reside,True,0.3284721374511719
Cabinda's petroleum production from its considerable offshore reserves now accounts for more than half of Angola's output.,Cabinda's petroleum production from its considerable offshore reserves now,accounts,account,accounts,-17.940813064575195,-9.111327171325684,account,,-8.829485893249512
"Unlike temporal or human justice, which requires time to repay an evil deed and ""has its seat in the state, as requiting and punishing"", eternal justice ""rules not the state but the world, is not dependent upon human institutions, is not subject to chance and deception, is not uncertain, wavering, and erring, but infallible, fixed, and sure"".","Unlike temporal or human justice, which requires time to repay an evil deed and ""has its seat in the state, as requiting and punishing"", eternal justice """,rule,rules,rules,-10.47923755645752,-10.55886173248291,rule,,-0.07962417602539062
"A range of astronomy software is available and used by amateur astronomers, including software that generates maps of the sky, software to assist with astrophotography, observation scheduling software, and software to perform various calculations pertaining to astronomical phenomena.","A range of astronomy software is available and used by amateur astronomers, including software that",generates,generate,generates,-17.519277572631836,-17.42605972290039,generate,,-0.09321784973144531
"He learned by self-directed reading; besides Plato, Kant and Fichte he also read the works of Schelling, Fries, Jacobi, Bacon, Locke, and much current scientific literature.","He learned by self-directed reading; besides Plato, Kant and Fichte he also",reads,read,read,-28.551466941833496,-27.9512357711792,read,True,0.6002311706542969
"The wireframe may be used either with positional notation like other abacuses (thus the 10-wire version may represent numbers up to 9,999,999,999), or each bead may represent one unit (e.g. 74 can be represented by shifting all beads on 7 wires and 4 beads on the 8th wire, so numbers up to 100 may be represented).",The wireframe may be used either with positional notation like other abacuses (thus the 10-wire version may,represents,represent,represent,-18.538732528686523,-9.27702808380127,represent,True,9.261704444885254
"The wireframe may be used either with positional notation like other abacuses (thus the 10-wire version may represent numbers up to 9,999,999,999), or each bead may represent one unit (e.g. 74 can be represented by shifting all beads on 7 wires and 4 beads on the 8th wire, so numbers up to 100 may be represented).","The wireframe may be used either with positional notation like other abacuses (thus the 10-wire version may represent numbers up to 9,999,999,999), or each bead may",represents,represent,represent,-18.65389060974121,-9.366606712341309,represent,True,9.287283897399902
"Due to their similar atomic radii, rubidium and caesium in the body mimic potassium and are taken up similarly.","Due to their similar atomic radii, rubidium and caesium in the body",mimics,mimic,mimic,-26.59310817718506,-26.07099723815918,mimic,True,0.5221109390258789
"Sixteen months later, during the Apollo13 mission, Lovell would have to perform a similar manual realignment under more critical conditions after the module's IMU had to be turned off to conserve energy.","Sixteen months later, during the Apollo13 mission, Lovell would",has,have,have,-9.387289047241211,-9.119205474853516,have,True,0.2680835723876953
"Galileo used more doubtful arguments to displace Aristotle's physics, proposing that bodies all fall at the same speed whatever their weight.","Galileo used more doubtful arguments to displace Aristotle's physics, proposing that bodies all",fall,falls,fall,-9.727535247802734,-9.88507080078125,fall,True,0.15753555297851562
"So Apollo gave a turn to the face and pulled the skin from the sides all over that which in our language is called the belly, like the purses which draw in, and he made one mouth at the centre [of the belly] which he fastened in a knot (the same which is called the navel); he also moulded the breast and took out most of the wrinkles, much as a shoemaker might smooth leather upon a last; he left a few wrinkles, however, in the region of the belly and navel, as a memorial of the primeval state.","So Apollo gave a turn to the face and pulled the skin from the sides all over that which in our language is called the belly, like the purses which",draw,draws,draw,-8.810546875,-17.585651397705078,draw,True,8.775104522705078
"So Apollo gave a turn to the face and pulled the skin from the sides all over that which in our language is called the belly, like the purses which draw in, and he made one mouth at the centre [of the belly] which he fastened in a knot (the same which is called the navel); he also moulded the breast and took out most of the wrinkles, much as a shoemaker might smooth leather upon a last; he left a few wrinkles, however, in the region of the belly and navel, as a memorial of the primeval state.","So Apollo gave a turn to the face and pulled the skin from the sides all over that which in our language is called the belly, like the purses which draw in, and he made one mouth at the centre [of the belly] which he fastened in a knot (the same which is called the navel); he also moulded the breast and took out most of the wrinkles, much as a shoemaker might",smooth,smooths,smooth,-17.39966583251953,-26.0626859664917,smooth,True,8.663020133972168
The enormous success of Mickey Mouse is seen as the start of the golden age of American animation that would last until the 1960s.,The enormous success of Mickey Mouse is seen as the start of the golden age of American animation that would,lasts,last,last,-18.694978713989258,-9.551698684692383,last,True,9.143280029296875
"They use many different methods of study, but modern population genetics, participant observation and other techniques often take anthropologists ""into the field,"" which means traveling to a community in its own setting, to do something called ""fieldwork.""","They use many different methods of study, but modern population genetics, participant observation and other techniques often",takes,take,take,-18.20235252380371,-18.121150970458984,take,True,0.08120155334472656
"They use many different methods of study, but modern population genetics, participant observation and other techniques often take anthropologists ""into the field,"" which means traveling to a community in its own setting, to do something called ""fieldwork.""","They use many different methods of study, but modern population genetics, participant observation and other techniques often take anthropologists ""into the field,"" which",mean,means,means,-9.3076810836792,-18.000408172607422,mean,,-8.692727088928223
"The City of Lloydminster straddles the Albertan/Saskatchewan border, and both the public and separate school systems in that city are counted in the above numbers: both of them operate according to Saskatchewan law.","The City of Lloydminster straddles the Albertan/Saskatchewan border, and both the public and separate school systems in that city are counted in the above numbers: both of them",operate,operates,operate,-17.32528305053711,-17.328388214111328,operate,True,0.00310516357421875
"Having the rendezvous radar on (so it was warmed up in case of an emergency landing abort) should have been irrelevant to the computer, but an electrical phasing mismatch between two parts of the rendezvous radar system could cause the stationary antenna to appear to the computer as dithering back and forth between two positions, depending upon how the hardware randomly powered up.","Having the rendezvous radar on (so it was warmed up in case of an emergency landing abort) should have been irrelevant to the computer, but an electrical phasing mismatch between two parts of the rendezvous radar system could",cause,causes,cause,-9.029200553894043,-17.849895477294922,cause,True,8.820694923400879
"Having the rendezvous radar on (so it was warmed up in case of an emergency landing abort) should have been irrelevant to the computer, but an electrical phasing mismatch between two parts of the rendezvous radar system could cause the stationary antenna to appear to the computer as dithering back and forth between two positions, depending upon how the hardware randomly powered up.","Having the rendezvous radar on (so it was warmed up in case of an emergency landing abort) should have been irrelevant to the computer, but an electrical phasing mismatch between two parts of the rendezvous radar system could cause the stationary antenna to",appear,appears,appear,-18.057798385620117,-18.21958351135254,appear,True,0.16178512573242188
"According to the family legend, Tarkovsky's ancestors on his father's side were princes from the Shamkhalate of Tarki, Dagestan, although his sister Marina Tarkovskaya who did a detailed research on their genealogy called it ""a myth, even a prank of sorts,"" stressing that none of the documents confirms this version.","According to the family legend, Tarkovsky's ancestors on his father's side were princes from the Shamkhalate of Tarki, Dagestan, although his sister Marina Tarkovskaya who did a detailed research on their genealogy called it ""a myth, even a prank of sorts,"" stressing that none of the documents",confirm,confirms,confirms,-17.844881057739258,-17.891231536865234,confirm,,-0.04635047912597656
"I was fascinated, because suddenly I realized that film could have so many more layers to it than what I had imagined before"".","I was fascinated, because suddenly I realized that film could",have,has,have,-9.424639701843262,-9.730374336242676,have,True,0.30573463439941406
"It is a good medium on which to grow bacteria and fungi, as most microorganisms cannot digest agar.","It is a good medium on which to grow bacteria and fungi, as most microorganisms cannot",digests,digest,digest,-19.843496322631836,-19.433547973632812,digest,True,0.40994834899902344
"However, for the alkali metal cations, the second coordination sphere is not well-defined as the +1 charge on the cation is not high enough to polarise the water molecules in the primary solvation shell enough for them to form strong hydrogen bonds with those in the second coordination sphere, producing a more stable entity.","However, for the alkali metal cations, the second coordination sphere is not well-defined as the +1 charge on the cation is not high enough to polarise the water molecules in the primary solvation shell enough for them to",forms,form,form,-8.884016036987305,-8.885125160217285,forms,,-0.0011091232299804688
"Human history thus begins on the coasts of South Africa where the Atlantic Benguela Upwelling and Indian Ocean Agulhas Current meet to produce an intertidal zone on which shellfish, fur seal, fish and sea birds provided the necessary protein sources.",Human history thus begins on the coasts of South Africa where the Atlantic Benguela Upwelling and Indian Ocean Agulhas Current,meet,meets,meet,-9.490633010864258,-18.663545608520508,meet,True,9.17291259765625
"The Diagnostic and Statistical Manual of Mental Disorders (DSM-5) combines forms of the condition, including Asperger syndrome and pervasive developmental disorder not otherwise specified (PDD-NOS) into the diagnosis of autism spectrum disorder (ASD).",The Diagnostic and Statistical Manual of Mental Disorders (DSM-5),combine,combines,combines,-20.04347038269043,-20.10305404663086,combine,,-0.05958366394042969
"Sixteen of the operating separate school jurisdictions have a Catholic electorate, and one (St. Albert) has a Protestant electorate.","Sixteen of the operating separate school jurisdictions have a Catholic electorate, and one (St. Albert)",have,has,has,-9.117278099060059,-9.302774429321289,have,,-0.18549633026123047
"While foraging, the aardwolf can cover about per hour, which translates to per summer night and per winter night.","While foraging, the aardwolf can cover about per hour, which",translates,translate,translates,-25.976526260375977,-18.016799926757812,translate,,-7.959726333618164
"These signs often develop gradually, though some autistic children experience regression in their communication and social skills after reaching developmental milestones at a normal pace.","These signs often develop gradually, though some autistic children",experience,experiences,experience,-38.1530647277832,-38.928653717041016,experience,True,0.7755889892578125
An organism behaves altruistically and the recipient does not reciprocate but has an increased chance of acting in a way that is selfish but also as a byproduct benefits the altruist.,An organism behaves altruistically and the recipient does not reciprocate but has an increased chance of acting in a way that is selfish but also as a byproduct,benefits,benefit,benefits,-19.100000381469727,-9.693866729736328,benefit,,-9.406133651733398
"Flora and fauna Alabama is home to a diverse array of flora and fauna in habitats that range from the Tennessee Valley, Appalachian Plateau, and Ridge-and-Valley Appalachians of the north to the Piedmont, Canebrake, and Black Belt of the central region to the Gulf Coastal Plain and beaches along the Gulf of Mexico in the south.",Flora and fauna Alabama is home to a diverse array of flora and fauna in habitats that,range,ranges,range,-9.232344627380371,-18.62633514404297,range,True,9.393990516662598
Trentepohlia is an example of a common green alga genus worldwide that can grow on its own or be lichenised.,Trentepohlia is an example of a common green alga genus worldwide that can,grow,grows,grow,-8.995182991027832,-18.06058692932129,grow,True,9.065403938293457
"Landa wrote that, ""Swift is maintaining that the maxim people are the riches of a nation applies to Ireland only if Ireland is permitted slavery or cannibalism""","Landa wrote that, ""Swift is maintaining that the maxim people are the riches of a nation ",apply,applies,applies,-0.0,-0.0,applies,True,0.0
"Surface water temperatures, which vary with latitude, current systems, and season and reflect the latitudinal distribution of solar energy, range from below to over .","Surface water temperatures, which vary with latitude, current systems, and season and reflect the latitudinal distribution of solar energy,",ranges,range,range,-19.385231018066406,-9.723000526428223,range,True,9.662230491638184
"Binoculars, for instance, although generally of lower power than the majority of telescopes, also tend to provide a wider field of view, which is preferable for looking at some objects in the night sky.","Binoculars, for instance, although generally of lower power than the majority of telescopes, also",tends,tend,tend,-26.121545791625977,-25.97648048400879,tend,True,0.1450653076171875
"Dante even acknowledges Aristotle's influence explicitly in the poem, specifically when Virgil justifies the Inferno's structure by citing the Nicomachean Ethics.","Dante even acknowledges Aristotle's influence explicitly in the poem, specifically when Virgil",justifies,justify,justifies,-19.8885440826416,-19.639545440673828,justify,,-0.24899864196777344
"The Soviet Union, through its Intercosmos program, allowed people from other ""socialist"" (i.e. Warsaw Pact and other Soviet-allied) countries to fly on its missions, with the notable exceptions of France and Austria participating in Soyuz TM-7 and Soyuz TM-13, respectively.","The Soviet Union, through its Intercosmos program, allowed people from other ""socialist"" (i.e. Warsaw Pact and other Soviet-allied) countries to",fly,flies,fly,-9.275096893310547,-9.271270751953125,flies,,-0.003826141357421875
"It was the development of the amniotic egg, which prevents the developing embryo from drying out, that enabled the reptiles to reproduce on land and which led to their dominance in the period that followed.","It was the development of the amniotic egg, which",prevents,prevent,prevents,-18.69605827331543,-17.956348419189453,prevent,,-0.7397098541259766
"An adult pair, along with their most-recent offspring, occupies a territory of .","An adult pair, along with their most-recent offspring,",occupies,occupy,occupies,-18.89689064025879,-18.767074584960938,occupy,,-0.12981605529785156
"In descending order of the number of speakers, widely-spoken Afroasiatic languages include: Arabic (Semitic), the most widely spoken Afroasiatic language, has over 300 million native speakers.","In descending order of the number of speakers, widely-spoken Afroasiatic languages",includes,include,include,-9.227790832519531,-9.305813789367676,includes,,-0.07802295684814453
"In descending order of the number of speakers, widely-spoken Afroasiatic languages include: Arabic (Semitic), the most widely spoken Afroasiatic language, has over 300 million native speakers.","In descending order of the number of speakers, widely-spoken Afroasiatic languages include: Arabic (Semitic), the most widely spoken Afroasiatic language,",has,have,has,-9.168508529663086,-9.091724395751953,have,,-0.07678413391113281
Additional accessibility features include the use of Assistive Touch which allows a user to access multi-touch gestures through pre-programmed onscreen buttons.,Additional accessibility features include the use of Assistive Touch which,allow,allows,allows,-10.448176383972168,-10.303595542907715,allows,True,0.14458084106445312
Additional accessibility features include the use of Assistive Touch which allows a user to access multi-touch gestures through pre-programmed onscreen buttons.,Additional accessibility features include the use of Assistive Touch which allows a user to,access,accesses,access,-9.703779220581055,-18.92327117919922,access,True,9.219491958618164
"In an adversarial system, appellate courts do not have the power to review lower court decisions unless a party appeals it.","In an adversarial system, appellate courts do not have the power to review lower court decisions unless a party",appeals,appeal,appeals,-18.001920700073242,-17.821176528930664,appeal,,-0.18074417114257812
"In the U.S. House of Representatives, the state is represented by seven members, six of whom are Republicans: (Bradley Byrne, Mike D. Rogers, Robert Aderholt, Morris J. Brooks, Martha Roby, and Gary Palmer) and one Democrat: Terri Sewell who represents the Black Belt as well as most of the predominantly black portions of Birmingham, Tuscaloosa and Montgomery.","In the U.S. House of Representatives, the state is represented by seven members, six of whom are Republicans: (Bradley Byrne, Mike D. Rogers, Robert Aderholt, Morris J. Brooks, Martha Roby, and Gary Palmer) and one Democrat: Terri Sewell who",represents,represent,represents,-18.471275329589844,-9.293559074401855,represent,,-9.177716255187988
"The rivers that directly flow into the Caspian Sea, originate mainly from the north-eastern slope of the Major Caucasus and Talysh Mountains and run along the Samur Devechi and Lankaran lowlands.","The rivers that directly flow into the Caspian Sea,",originates,originate,originate,-18.16077995300293,-17.870363235473633,originate,True,0.2904167175292969
"Defying his prediction that ""the world will little note, nor long remember what we say here"", the Address became the most quoted speech in American history.","Defying his prediction that ""the world will little note, nor long remember what we",says,say,say,-18.2392635345459,-18.235755920410156,say,True,0.0035076141357421875
"Einstein also published his own articles describing the model and its implications, among them the Bose Einstein condensate phenomenon that some particulates should appear at very low temperatures.","Einstein also published his own articles describing the model and its implications, among them the Bose Einstein condensate phenomenon that some particulates should",appears,appear,appear,-18.098796844482422,-17.868595123291016,appear,True,0.23020172119140625
"Einstein relates this to Rayleigh scattering, which is what happens when the fluctuation size is much smaller than the wavelength, and which explains why the sky is blue.","Einstein relates this to Rayleigh scattering, which is what",happens,happen,happens,-26.70808696746826,-26.69344425201416,happen,,-0.014642715454101562
"Einstein relates this to Rayleigh scattering, which is what happens when the fluctuation size is much smaller than the wavelength, and which explains why the sky is blue.","Einstein relates this to Rayleigh scattering, which is what happens when the fluctuation size is much smaller than the wavelength, and which",explain,explains,explains,-28.32326602935791,-37.42780303955078,explain,,-9.104537010192871
"Inequities that result when such measures are adopted would need to be addressed, such as the reallocation of water from poor to rich, the clearing of land to make way for more productive farmland, or the preservation of a wetland system that limits fishing rights.","Inequities that result when such measures are adopted would need to be addressed, such as the reallocation of water from poor to rich, the clearing of land to make way for more productive farmland, or the preservation of a wetland system that",limits,limit,limits,-8.634766578674316,-8.578719139099121,limit,,-0.05604743957519531
"In a subsequent letter to physicist and friend Max Born, who had already emigrated from Germany to England, Einstein wrote, ""... I must confess that the degree of their brutality and cowardice came as something of a surprise.""","In a subsequent letter to physicist and friend Max Born, who had already emigrated from Germany to England, Einstein wrote, ""... I must",confess,confesses,confess,-18.560810089111328,-18.69630241394043,confess,True,0.13549232482910156
"It is the broad, evidence-based and cause-neutral approach that distinguishes effective altruism from traditional altruism or charity.","It is the broad, evidence-based and cause-neutral approach that",distinguishes,distinguish,distinguishes,-28.74440860748291,-28.180755615234375,distinguish,,-0.5636529922485352
"NASA Administrator Thomas Paine met with Abernathy at the occasion, both hoping that the space program can spur progress also in other regards, such as poverty in the US.","NASA Administrator Thomas Paine met with Abernathy at the occasion, both hoping that the space program can",spurs,spur,spur,-18.14565658569336,-17.904329299926758,spur,True,0.24132728576660156
"Modern anthropology assumes that there is complete continuity between magical thinking and religion, and that every religion is a cultural product, created by the human community that worships it.","Modern anthropology assumes that there is complete continuity between magical thinking and religion, and that every religion is a cultural product, created by the human community that",worship,worships,worships,-17.511123657226562,-25.85350799560547,worship,,-8.342384338378906
"Although they remained polite towards each other, their growing theoretical disagreements and especially Schopenhauer's extreme self-confidence and tactless criticisms soon made Goethe become distant again and after 1816 their correspondence became less frequent.","Although they remained polite towards each other, their growing theoretical disagreements and especially Schopenhauer's extreme self-confidence and tactless criticisms soon made Goethe",become,becomes,become,-19.746196746826172,-19.927583694458008,become,True,0.18138694763183594
"He decided to switch from medicine to philosophy around 1810 11 and he left Gttingen, which did not have a strong philosophy program: besides Schulze, the only other philosophy professor was Friedrich Bouterwek, whom Schopenhauer disliked.","He decided to switch from medicine to philosophy around 1810 11 and he left Gttingen, which did not",have,has,have,-8.443110466003418,-8.656115531921387,have,True,0.21300506591796875
